图书编号,图书名称,作者,出版社,图书类型,数量,价格
A00001,《道德经》,老子,中华书局,文学,1,18
A00002,《颜氏家训》,颜之推,中华书局,文学,1,18.36
A00003,《一千零一页》,董宏猷,吉林文史出版社,文学,1,9.31
A00004,《格林童话》,格林兄弟,上海文化出版社,文学,1,14
A00005,《安徒生童话》,安徒生,商务印书馆,文学,1,7.42
A00006,《佛教的见地与修道》,宗萨钦哲仁波切,新星出版社,文学,1,16
A00007,《礼记》,戴圣,人民交通出版社,文学,1,76
A00008,《尚书》,先秦诸子,东南大学出版社,文学,1,19.9
A00009,《基督山伯爵》,大仲马,现代出版社,文学,1,13.5
A00010,《巴黎圣母院》,维克多·雨果,中国宇航出版社,文学,1,300
A00011,《汤姆叔叔的小屋》,比彻·斯托,人民文学出版社,文学,1,"14,7"
A00012,《昆虫记》,卡西米尔·法布尔,花城出版社,文学,1,58
A00013,《苏菲的世界》,乔斯坦·贾德,作家出版社,文学,1,38
A00014,《新教伦理与资本主义精神》,马克斯·韦伯,北京大学出版社,文学,1,21.84
A00015,《静静的顿河》,肖洛霍夫,人民文学出版社,文学,1,158
A00016,《艺术与现实的审美关系》, 车尔尼雪夫斯基 ,人民文学出版社,文学,1,31.4
A00017,《复活》,列夫·托尔斯泰,中国友谊出版公司,文学,1,57.8
A00018,《古代社会》,晏昌贵 ,武汉大学出版社,文学,1,101.8
A00019,《茶花女》,小仲马,中国友谊出版公司,文学,1,40.8
A00020,《小王子》,圣埃克苏佩里 ,中国友谊出版公司,文学,1,19.9
A00021,《冰心散文选集》,冰心,安徽文艺出版社,文学,1,26.9
A00022,《阿Q正传》,鲁迅,中国友谊出版公司,文学,1,40.5
A00023,《少年维特之烦恼》,西尔维娅·普拉斯,江西人民出版社,文学,1,18.91
A00024,《追忆似水年华》,普鲁斯特 ,上海译文出版社,文学,1,26.6
A00025,《梦的解析》,弗洛伊德,中国友谊出版公司,文学,1,66.3
A00026,《法学阶梯》,优士丁尼,商务印书馆,文学,1,233
A00027,《史记》,司马迁,光明日报出版社,文学,1,105
A00028,《抱朴子》,张松辉, 中华书局,文学,1,79
A00029,《钢铁是怎么炼成的》,奥斯特洛夫斯基,江苏凤凰文艺出版社,文学,1,21.5
A00030,《罗密欧与朱丽叶》,莎士比亚,中国宇航出版社,文学,1,32.8
A00031,《论语》,孔子,中国文联出版社,文学,1,22.8
A00032,《管理学》,陈传明,高等教育出版社,文学,1,39.8
A00033,《资治通鉴》,司马光,光明日报出版社,文学,1,70
A00034,《新工具》,培根 ,商务印书馆,文学,1,33.9
A00035,《本草纲目》,李时珍,昌盛图书专营店,文学,1,98
A00036,《人性的弱点》,卡耐,九州出版社,文学,1,39.8
A00037,《尤利西斯》,乔伊斯,云南人民出版社,文学,1,49
A00038,《伦理学》,斯宾诺莎,商务印书馆,文学,1,37.4
A00039,《理想国》,德斯蒙德·图图,广西师范大学出版社,文学,1,55.4
A00040,《悲惨世界》,维克多·雨果,江苏凤凰文艺出版社,文学,1,69.5
A00041,《实用主义》,威廉·詹姆士,商务印书馆,文学,1,23.3
A00042,《社会契约论》,卢梭,商务印书馆,文学,1,23.7
A00043,《安娜卡列尼娜》,列夫·托尔斯泰,中国友谊出版公司,文学,1,108.8
A00044,《资本论》,马克思,耕读文化图书专营店,文学,1,69.8
A00045,《穆斯林的葬礼》,霍达, 北京出版集团公司,文学,1,49.3
A00046,《活着》,余华,北京十月文艺出版社,文学,1,31
A00047,《经济学原理》,格里高利·曼昆,北京大学出版社,文学,1,80.6
A00048,《飘》,玛格丽特·米切尔 , 中央编译出版社,文学,1,28.9
A00049,《金刚经释义》,王孺童,中华书局,文学,1,31.62
A00050,《毛泽东诗词全集》,石磊, 书山图书专营店,文学,1,25
A00051,《徐霞客游记》,刘兴诗,青岛出版社,文学,1,104.4
A00052,《神曲》,古斯塔夫·多雷,江苏凤凰文艺出版社,文学,1,49
A00053,《六祖法宝坛经》,徐文明,中州古籍出版社,文学,1,23.6
A00054,《庄子》,郭庆藩,中华书局,文学,1,98
A00055,《吉檀迦利》,泰戈尔,云南人民出版社,文学,1,65
A00056,《荷马史诗》,荷马,人民文学出版社,文学,1,37
A00057,《三十六计》,李金龙 ,辽海出版社,文学,1,115
A00058,《简爱》,夏洛蒂·勃朗特 ,人民文学出版社,文学,1,45
A00059,《聊斋志异》,于天池 ,中华书局,文学,1,179.2
A00060,《马可波罗游记》,马可波罗,商务印书馆,文学,1,46.6
A00061,《梦溪笔谈》,诸雨辰,中华书局,文学,1,42.1
A00062,《围城》,钱钟书,人民文学出版社,文学,1,29
A00063,《中庸》,赵征 ,线装书局,文学,1,78
A00064,《贞观政要》,儒爵爷,中国文史出版社,文学,1,16
A00065,《窦娥冤》,关汉卿, 人民文学出版社,文学,1,22
A00066,《红与黑》,司汤达, 人民文学出版社,文学,1,36
A00067,《麦田里的守望者》,塞林格 ,译林出版社,文学,1,39
A00068,《老人与海》,欧内斯特·海明威 ,中国友谊出版公司,文学,1,23.3
A00069,《红楼梦》,曹雪芹,人民文学出版社,文学,1,37
A00070,《西游记》,吴承恩,人民文学出版社,文学,1,23.9
A00071,《三国演义》,罗贯中 ,人民文学出版社,文学,1,83
A00072,《水浒传》,施耐庵,人民文学出版社,文学,1,39.9
A00073,《战争论》,卡尔·冯·克劳塞维茨,民主与建设出版社,文学,1,66.91
A00074,《悲剧的诞生》,弗里德里希·尼采,商务印书馆,文学,1,27.8
A00075,《物种起源》,达尔文 ,北京时代华文书局,文学,1,28.6
A00076,《论法的精神》,孟德斯鸠,译林出版社,文学,1,57.4
A00077,《君主论》,马基雅维利 ,上海文化出版社,文学,1,39.8
A00078,《人口原理》,马尔萨斯,商务印书馆,文学,1,27.2
A00079,《堂吉诃德》,塞万提斯,人民文学出版社,文学,1,34
A00080,《源氏物语》,紫式部,人民文学出版社,文学,1,75
A00081,《政治学》,亚里士多德,商务印书馆,文学,1,50.9
A00082,《鲁滨逊漂流记》, 丹尼尔·笛福,中国友谊出版公司,文学,1,25.8
A00083,《国富论》,亚当·斯密,中国华侨出版社,文学,1,88.5
A00084,《几何原本》,欧几里得,陕西科学技术出版社,文学,1,59.2
A00085,《水经注》, 郦道元,中华书局出版,文学,1,238
A00086,《大学》,曾参,江苏凤凰科学技术出版社,文学,1,26
A00087,《老子》,汤漳平,中华书局,文学,1,70.4
A00088,《左传》,左丘明,民主与建设出版社,文学,1,132.5
A00089,《孟子》,孟子,中国文联出版社,文学,1,22.8
A00090,《韩非子》,韩非, 西苑出版社,文学,1,57.2
A00091,《正义论》,约翰·罗尔斯, 中国社会科学出版社,文学,1,46.3
A00092,《孙子兵法》,孙武,中国长安出版社,文学,1,49.8
A00093,《曾国藩家书》,曾国藩,中华书局,文学,1,121.6
A00094,《文明的冲突与世界秩序的重建》,塞缪尔亨廷顿 ,新华出版社,文学,1,34.6
A00095,《周易》,任宪宝 ,吉林文史出版社,文学,1,22.8
A00096,《美的历程》,李泽厚,人民文学出版社,文学,1,55
A00097,《百年孤独》,加西亚·马尔克斯, 南海出版公司,文学,1,39.6
A00098,《菜根谭》,洪应明,中国友谊出版公司,文学,1,105
A00099,《诗经》,弘丰,北京燕山出版社,文学,1,50
A00100,《毛泽东传》,迪克·威尔逊, 国际文化出版公司,文学,1,100
B00101,艺术的故事,贡布里希,广西美术出版社,艺术,1,60
B00102,美的历程,李泽厚,人民文学出版社,艺术,2,56
B00103,中国哲学简史,冯友兰,新知三联书店,艺术,2,49
B00104,西方美学史,朱光潜 ,人民文学出版社,艺术,2,53
B00105, 艺术发展史 ,贡布里希,天津人民美术出版社,艺术,2,57
B00106,艺术的故事,房龙,陕西人民出版社,艺术,2,49
B00107, 艺术通史,史蒂芬.法辛,中央编译出版社,艺术,3,45
B00108,文艺复兴,贡布里希,中国美术学院出版社,艺术,3,52
B00109,剑桥艺术史,苏珊·伍德福德,译林出版社,艺术,4,52
B00110, 加德纳艺术通史,范景中, 美术出版社,艺术,1,54
B00111,艺术发展史 ,范文澜 , 天津人民美术出版社,艺术,2,69
B00112,中国通史,周谷城,人民出版社,艺术,3,54
B00113,中国通史（上下）,周谷城,上海人民出版社,艺术,4,55
B00114,中国史纲,王天禾,高等教育出版社,艺术,5,69
B00115, 国史大纲,贡布里希,广东教育出版社,艺术,6,48
B00116,全球通史,尚游, 美术出版社,艺术,7,35
B00117,艺术读,岑淇编著, 美术出版社,艺术,8,45
B00118,歌德谈话录 ,李云川,星球地图出版社,艺术,9,69
B00119,艺术,贡布里希,长江文艺出版社,艺术,10,69
B00120,企鹅艺术,岑淇编著, 美术出版社,艺术,11,50
B00121,阿达艺术,李云川,长江文艺出版社,艺术,12,35
B00122,胆大妄为,贡布里希,中央编译出版社,艺术,13,57
B00123,微软艺术,岑淇编著,星球地图出版社,艺术,14,66
B00124,祖国艺术,王天禾,重庆大学出版社,艺术,15,34
B00125,三打五确定艺术,岑淇编著,中国人口出版社,艺术,16,37
B00126,阿迪斯,尚游, 美术出版社,艺术,17,42
B00127,犹太人,王天禾,星球地图出版社,艺术,18,36
B00128,魏汝稳艺术,李云川,重庆大学出版社,艺术,19,47
B00129,维州艺术,岑淇编著,长江文艺出版社,艺术,20,41
B00130,五欸额,贡布里希,中央编译出版社,艺术,21,66
B00131,啮齿艺术,夏柏森,星球地图出版社,艺术,22,63
B00132,当时的艺术,尚游,长江文艺出版社,艺术,23,63
B00133,飒飒艺术,岑淇编著,重庆大学出版社,艺术,24,64
B00134,修饰符成都,贡布里希,长江文艺出版社,艺术,25,46
B00135,思维定势,岑淇编著,中央编译出版社,艺术,26,46
B00136,顺德艺术,王天禾,接力出版社,艺术,27,45
B00137,巍峨艺术,尚游,上海文艺出版社,艺术,28,53
B00138,倒萨艺术,贡布里希,中央编译出版社,艺术,29,38
B00139,很乖回复,浙江丽泽,长江文艺出版社,艺术,30,50
B00140,和法国光放,李云川,接力出版社,艺术,31,33
B00141,伦理学方法艺术,贡布里希,中央编译出版社,艺术,32,42
B00142,认识的谬误艺术,夏柏森,接力出版社,艺术,33,51
B00143,感觉分析,王天禾,上海文艺出版社,艺术,34,47
B00144,经济与自然艺术,夏柏森,重庆大学出版社,艺术,35,60
B00145,科学与近代世界艺术,夏柏森,中央编译出版社,艺术,36,41
B00146,论实证主义艺术,浙江丽泽,长江文艺出版社,艺术,37,30
B00147,哲学问题艺术,贡布里希,接力出版社,艺术,38,39
B00148,心的概念艺术,夏柏森,接力出版社,艺术,39,38
B00149,真理与意义艺术,李云川,重庆大学出版社,艺术,40,39
B00150,爱欲与文明艺术,浙江丽泽,上海文艺出版社,艺术,41,60
B00151,单向度的人艺术,王天禾,长江文艺出版社,艺术,42,40
B00152,在自由中丧失艺术,夏柏森,中央编译出版社,艺术,43,58
B00153,通往奴役之路艺术,尚游,长江文艺出版社,艺术,44,60
B00154,自由宪章艺术,浙江丽泽,接力出版社,艺术,45,58
B00155,知识分子的鸦片艺术,王天禾,上海文艺出版社,艺术,46,65
B00156,正义论艺术,浙江丽泽,接力出版社,艺术,47,44
B00157,符号学原理艺术,李云川,长江文艺出版社,艺术,48,37
B00158,写作的零度艺术,浙江丽泽,中央编译出版社,艺术,49,55
B00159,启蒙辩证法艺术,贡布里希,星球地图出版社,艺术,50,40
B00160,历史与阶级意识艺术,徐林义,星球地图出版社,艺术,51,64
B00161,科学的反革命艺术,王天禾,重庆大学出版社,艺术,52,57
B00162,后现代状态艺术,徐林义,上海文艺出版社,艺术,53,50
B00163,共同体与社会艺术,沧海堂,长江文艺出版社,艺术,54,49
B00164,现代性与大屠杀艺术,王天禾,中央编译出版社,艺术,55,66
B00165,精神分析引论艺术,浙江丽泽,长江文艺出版社,艺术,56,36
B00166,极权主义的起源艺术,徐林义,星球地图出版社,艺术,57,57
B00167,自由四论艺术,王天禾,重庆大学出版社,艺术,58,53
B00168,自由的背叛以上,尚游,上海文艺出版社,艺术,59,35
B00169,变化社会中的艺术·,浙江丽泽,星球地图出版社,艺术,60,59
B00170,艺术1,沧海堂,中央编译出版社,艺术,61,42
B00171,艺术2,王天禾,星球地图出版社,艺术,62,69
B00172,汉魏两晋南史,徐林义,星球地图出版社,艺术,63,56
B00173,胡塞尔哲学发生问题,李云川,重庆大学出版社,艺术,64,55
B00174,纯性批判,徐林义,上海文艺出版社,艺术,65,33
B00175,纯批判讲演录,尚游,星球地图出版社,艺术,66,50
B00176,牛顿究,徐林义,中央编译出版社,艺术,67,43
B00177,近的形而上学基础,沧海堂,星球地图出版社,艺术,68,62
B00178,世的机械化,王天禾,人民音乐出版社,艺术,69,51
B00179,哥集异璧之大成,浙江丽泽,译林出版社,艺术,70,46
B00180,人类识原理,徐林义,人民音乐出版社,艺术,71,42
B00181,知堂想录,尚游,译林出版社,艺术,72,38
B00182,学研究,徐林义,中央编译出版社,艺术,73,61
B00183,法哲理,沧海堂,上海文艺出版社,艺术,74,59
B00184,伦理德哲学研究,王天禾,译林出版社,艺术,75,34
B00185,阿多哲学研究,浙江丽泽,重庆大学出版社,艺术,76,68
B00186,解读,徐林义,译林出版社,艺术,77,33
B00187,魏德哲学研究,尚游,译林出版社,艺术,78,65
B00188,利坦,沧海堂,中央编译出版社,艺术,79,41
B00189,政府,徐林义,上海文艺出版社,艺术,80,44
B00190,社会论,王天禾,人民音乐出版社,艺术,81,33
B00191,论人等的起源,浙江丽泽,人民音乐出版社,艺术,82,44
B00192,实性批判,李云川,中央编译出版社,艺术,83,42
B00193,判判,尚游,上海文艺出版社,艺术,84,34
B00194,全部学原理,王天禾,上海文艺出版社,艺术,85,69
B00195,全部学的基础,沧海堂,重庆大学出版社,艺术,86,45
B00196,作为世录与补遗,尚游,重庆大学出版社,艺术,87,47
B00197,艺术武器,沧海堂,人民音乐出版社,艺术,88,52
B00198,托运人艺术,尚游,中央编译出版社,艺术,89,49
B00199,浮士德,沧海堂,人民音乐出版社,艺术,90,57
B00200,大佛寺艺术,王天禾,重庆大学出版社,艺术,91,38
C00201,世间所有相遇都是久别重逢,白落梅,华文出版社,小说,1,17.4
C00202,三十而立,芮成钢,山东航空航天大学出版社,小说,2,20.4
C00203,巨流河,齐邦媛,生活读书新知三联书店,小说,3,21.2
C00204,不负如来不负卿,小春,浙江文艺出版社,小说,4,19
C00205,云图,大卫.米切尔,上海文艺出版社,小说,2,22
C00206,找回被遗忘的自己,马武宝,时报文化出版企业股份,小说,2,71.2
C00207,春宴,安妮宝贝,湖南文艺出版社,小说,2,23.8
C00208,穿越金色时光,胡天生，刘泽文,海洋出版社,小说,2,19.4
C00209,活在当下最美：把握当下过幸福人生,任悦,哈尔滨出版社,小说,2,15.5
C00210,第56号教室的奇迹,雪夫.艾斯奎斯,中国城市出版社,小说,2,19.6
C00211,盔甲骑士,艾读,海峡文艺出版社,小说,2,14.4
C00212,背包十年,小鹏,中信出版社,小说,2,18
C00213,因为痛，所以叫青春,金兰都,广西科学技术出版社,小说,2,19.6
C00214,远离德黑兰,门德兹和贝格里欧,中国友谊出版公司,小说,2,20
C00215,最好的杂文大全选,张保林,外文出版社,小说,2,20.9
C00216,天才在左，疯子在右,高铭,武汉大学出版社,小说,2,19.4
C00217,他的国,韩寒,万卷出版公司,小说,2,18
C00218,做你想做的人,艾伦,中信出版社,小说,2,18.6
C00219,推开幸福那扇门,徐君,东方出版社,小说,2,18.2
C00220,宽怀人生,延参法师,商务印书馆国际有限公司,小说,1,20.3
C00221,邮差弗雷德,马克.布桑,中信出版社,小说,1,16.6
C00222,成长比成功更重要,凌志军,陕西师范大学出版社,小说,1,16.3
C00223,尘埃眠于光年,夏茗悠,新世界出版社,小说,1,17
C00224,花开半季，情暖三生,百落梅,北京联合出版公司,小说,1,16.6
C00225,十年一品温如言,书海苍生,江苏文艺出版社,小说,1,40.1
C00226,小狗钱钱,博多.舍费尔,南海出版公司,小说,1,35.1
C00227,阳光心态,吴维库,机械工业出版社,小说,1,17.3
C00228,巨能量,查理德.怀斯罗,湖南文艺出版社,小说,1,18.5
C00229,当时只道是寻常,安意如,人民文学出版社,小说,1,19.6
C00230,再见萤火虫,念珠杩,北京出版社,小说,1,15.3
C00231,眠空,安妮宝贝,北京十月文艺出版社,小说,1,29.6
C00232,踮脚张望的时光,祁定江,人民文艺出版社,小说,1,22
C00233,毕业了我们一无所有,一草,湖南文艺出版社,小说,1,26.7
C00234,最美的徒劳无功,九把刀,朝阳文艺出版社,小说,1,35
C00235,把耳朵捂住,疏星,长江文艺出版社,小说,1,22.8
C00236,我的中东,吴苏娟,江苏文艺出版社,小说,1,23.1
C00237,购并的艺术,陈见明,中国人民大学出版社,小说,1,24.7
C00238,安静：内向性格的竞争力,苏珊.凯恩,中信出版社,小说,1,45.7
C00239,生命之书：365天的静心冥想,克里希那穆提,泽林出版社,小说,1,61.2
C00240,我的名字叫红,奥尔汗.帕慕克,上海人民出版社,小说,1,32.1
C00241,人生不汲限,尼克.胡哲,天津社会科学院出版社,小说,1,33.2
C00242,别闹了，费曼先生,理查德.费曼,天下远见出版服务有限公司,小说,1,89
C00243,夏至未至,郭敬明,长江文艺出版社,小说,1,20.1
C00244,个人发展手册,斯特拉.科特雷尔,北京大学出版社,小说,1,60.7
C00245,你简单，世界就对你简单,百晓生,中信出版社,小说,1,20.3
C00246,青铜葵花,曹文轩,江苏少年儿童出版社,小说,1,12
C00247,风云初记,孙犁,作家出版社,小说,1,45.3
C00248,铁道游击队,刘志侠,接力出版社,小说,1,65.4
C00249,保卫延安,杜鹏程,中国轻工业出版社,小说,1,34
C00250,三里湾,赵树理,吉林科技出版社,小说,3,37
C00251,红日, 吴强,青岛出版社,小说,3,34.7
C00252,红旗谱,梁斌,中国人民大学出版社,小说,3,56.8
C00253,山乡巨变, 周立波,中信出版社,小说,3,45.7
C00254,我们播种爱情,徐怀中,广西科学技术出版社,小说,3,56.8
C00255,林海雪原, 曲波,中国友谊出版公司,小说,3,43
C00256,青春之歌,杨沫,外文出版社,小说,3,24.5
C00257,苦菜花,冯德英,武汉大学出版社,小说,3,29.6
C00258,野火春风斗古城,李英儒,万卷出版公司,小说,3,22
C00259,上海的早晨,周而复,中信出版社,小说,3,56.8
C00260,三家巷,欧阳山,北京联合出版公司,小说,3,35
C00261,创业史,柳青,江苏文艺出版社,小说,3,22.8
C00262,红岩,罗广斌 杨益言,南海出版公司,小说,3,23.1
C00263,艳阳天, 浩然,机械工业出版社,小说,3,24.7
C00264,大刀记,郭澄清,湖南文艺出版社,小说,3,23.3
C00265,万山红遍, 黎汝清,人民文学出版社,小说,3,25.4
C00266,东方, 魏巍,北京出版社,小说,3,27.1
C00267,青春万岁,王蒙,北京十月文艺出版社,小说,3,20.5
C00268,许茂和他的女儿们, 周克芹,人民文艺出版社,小说,3,89
C00269,冬天里的春天,李国文,湖南文艺出版社,小说,3,20.1
C00270,沉重的翅膀,张洁,朝阳文艺出版社,小说,3,60.7
C00271,黄河东流去, 李凖,江苏文艺出版社,小说,3,20.3
C00272,蹉跎岁月,叶辛,中国人民大学出版社,小说,3,12
C00273,新星,柯云路,中信出版社,小说,3,45.3
C00274,钟鼓楼,刘心武,泽林出版社,小说,3,45.7
C00275,平凡的世界, 路遥,上海人民出版社,小说,3,56.8
C00276,第二个太阳,刘白羽,天津社会科学院出版社,小说,3,43
C00277,红高粱家族,莫言,天下远见出版服务有限公司,小说,3,24.5
C00278,雪城, 梁晓声,长江文艺出版社,小说,3,29.6
C00279,浴血罗霄,萧克,北京大学出版社,小说,3,22
C00280,穆斯林的葬礼, 霍达,中信出版社,小说,3,56.8
C00281,白鹿原, 陈忠实,江苏少年儿童出版社,小说,3,35
C00282,长恨歌, 王安忆,湖南文艺出版社,小说,3,22.8
C00283,马桥词典,韩少功,人民文学出版社,小说,3,23.1
C00284,抉择, 张平,北京出版社,小说,3,26.7
C00285,草房子,曹文轩,北京十月文艺出版社,小说,3,35
C00286,中国制造,周梅森,人民文艺出版社,小说,3,22.8
C00287,尘埃落定, 阿来,湖南文艺出版社,小说,3,23.1
C00288,突出重围,柳建伟,朝阳文艺出版社,小说,3,24.7
C00289,李自成, 姚雪垠,长江文艺出版社,小说,3,45.7
C00290,历史的天空,徐贵祥,江苏文艺出版社,小说,3,61.2
C00291,亮剑, 都梁,中国人民大学出版社,小说,3,32.1
C00292,东藏记, 王旭烽,中信出版社,小说,3,33.2
C00293,茶人三部曲,宗璞,泽林出版社,小说,3,89
C00294,雍正皇帝, 二月河,上海人民出版社,小说,3,20.1
C00295,日出东方, 黄亚洲,天津社会科学院出版社,小说,3,60.7
C00296,狼图腾, 陆天明,天下远见出版服务有限公司,小说,3,24.7
C00297,省委书记, 范稳,长江文艺出版社,小说,3,45.7
C00298,水乳大地,姜戎,北京大学出版社,小说,1,61.2
C00299,我的丁一之旅,史铁生,长江文艺出版社,小说,1,32.1
C00300,我是我的神,邓一光,北京大学出版社,小说,1,33.2
D00301,因为有梦 所以远方,伊文思,晴天出版社,青春,1,42
D00302,《世界上最伟大的励志书》,张乐,人民教育出版社,青春,1,30
D00303,天使的舞鞋,胡伟,高等教育出版社,青春,1,45
D00304,《谁动了我的奶酪》,王加浩,外语教学与研究出版社,青春,1,46
D00305,《成功之路》,雯,江苏教育出版社,青春,1,39
D00306,《人性的弱点》,李可,广西师范大学出版社,青春,1,49
D00307,《钢铁是怎样练成的》,张翰,人民邮电出版社,青春,1,37
D00308,《羊皮卷》,西子情,高等教育出版社,青春,1,39
D00309,《海伦凯勒传记》,哈伦,高等教育出版社,青春,1,35
D00310,《相约星期二》,哈利,高等教育出版社,青春,1,46
D00311,《那些不值钱的经验》,李杨摸,高等教育出版社,青春,1,43
D00312,《双鱼记》,四黄蛋,中华书局,青春,1,50
D00313,《最熟悉的陌生人》,陌生人,高等教育出版社,青春,1,39
D00314,《左半边翅膀》,束戈卷,易文网（上海世纪出版集团,青春,1,46
D00315,《蛰伏》,可云,人民邮电出版社,青春,1,50
D00316,《校服的裙摆》,苏果党,科学出版社,青春,1,36
D00317,《来不及学坏》,明月,易文网（上海世纪出版集团,青春,1,34
D00318,《明朝那些事儿》,当年明月,中华书局,青春,1,40
D00319,《鬼吹灯》,天下霸唱,易文网（上海世纪出版集团,青春,1,47
D00320,《迷踪之国》,天下霸唱,科学出版社,青春,1,31
D00321,天下霸唱,何马,易文网（上海世纪出版集团,青春,1,34
D00322,《盗墓笔记》—,南派三叔,人民邮电出版社,青春,1,45
D00323,《吸引力法则》,迈克尔·劳塞尔,人民邮电出版社,青春,1,41
D00324,《钥匙》,乔•瓦伊塔尔,上海译文出版社,青春,1,44
D00325,《影响力密码》,奈杰尔·里斯纳尔,上海译文出版社,青春,1,35
D00326,《坚定的乐观主义》,普瑞斯·普里,上海译文出版社,青春,1,49
D00327,《活法1、2、3》,稻盛和夫,易文网（上海世纪出版集团,青春,1,39
D00328,《如果那时我知道……》,查尔斯·格罗丁,中华书局,青春,1,44
D00329,《萝莉控 大叔》,咖啡加糖,上海译文出版社,青春,1,44
D00330,《那时偷偷恋他》,锭党,科学出版社,青春,1,45
D00331,《你看起来有点帅》,锦夏牟,上海译文出版社,青春,1,46
D00332,《致我们失去的青春》,套头衫,上海译文出版社,青春,1,46
D00333,《何为冬暖》,夏,中国政法大学出版社,青春,1,35
D00334,《何为夏凉》,阿萨德,上海译文出版社,青春,1,36
D00335,《忽而锦夏》,明前雨后,中华书局,青春,1,30
D00336,《邻家青梅竹马》,句小如,中国政法大学出版社,青春,1,49
D00337,《最好的我们》,八月长安,人民邮电出版社,青春,1,38
D00338,《青春制暖》,西子情,中国政法大学出版社,青春,1,47
D00339,《那回不去的年少时光》,彤画,中国金融出版社 ,青春,1,37
D00340,《我寄养的哪些年》,完美的西红柿,中国政法大学出版社,青春,1,35
D00341,《君子一诺》,娇娇,上海译文出版社,青春,1,42
D00342,《暗恋》,淮南,中国金融出版社 ,青春,1,37
D00343,《偷偷藏不住》,段嘉许,上海译文出版社,青春,1,45
D00344,《难哄》,雯,中华书局,青春,1,38
D00345,《告白》,周京泽,高等教育出版社,青春,1,48
D00346,《偏偏宠爱》,江忍,高等教育出版社,青春,1,46
D00347,《响声》,劲生,高等教育出版社,青春,1,43
D00348,《黑莲花》,琳秒,科学出版社,青春,1,41
D00349,《小青换》陈让,,中国政法大学出版社,青春,1,32
D00350,《魔鬼的体温》,贝摇,人民邮电出版社,青春,1,46
D00351,《他和他的猫》,书加,　中央编译出版社,青春,1,38
D00352,《暗隔里的秘密》,丁降,　中央编译出版社,青春,1,49
D00353,《你听的见》,班生,中华书局,青春,1,35
D00354,《白日梦》,神剑,　中央编译出版社,青春,1,42
D00355,《你马甲掉了》,秦然,中国政法大学出版社,青春,1,40
D00356,《天下无贼》,ldce,高等教育出版社,青春,1,50
D00357,《夏有乔木，雅望天堂》,籽月,科学出版社,青春,1,31
D00358,《凉生，我们可不可以不忧伤》,乐小米,高等教育出版社,青春,1,49
D00359,《后来我们都哭了》,夏七夕,高等教育出版社,青春,1,41
D00360,《年效是无华信》,落落,高等教育出版社,青春,1,46
D00361,《尘埃星球》,落落,科学出版社,青春,1,43
D00362,《锦夜》,小狮,社科文献出版社 ,青春,1,40
D00363,《积木城池》,小狮,中国政法大学出版社,青春,1,44
D00364,《左耳》,饶雪漫,社科文献出版社,青春,1,47
D00365,《积木城池》,剋,中华书局,青春,1,43
D00366,《我和你的笑忘书》,艾奇,高等教育出版社,青春,1,34
D00367,《深海里的星星》,基恩士,社科文献出版社,青春,1,42
D00368,《素素》,基恩士,人民邮电出版社,青春,1,38
D00369,《玫瑰帝国》,基恩士,社科文献出版社,青春,1,44
D00370,《就像海洋原谅了鱼》,微酸袅袅,中国政法大学出版社,青春,1,31
D00371,《夏日歌》,微酸袅袅,科学出版社,青春,1,35
D00372,《咖啡少年不加糖》,沙湖,社科文献出版社,青春,1,32
D00373,《彩虹机》,涉地,科学出版社,青春,1,42
D00374,《烟火不暖，糖衣不甜》,寂静时代,社科文献出版社,青春,1,40
D00375,《如果萌，请深萌》,阿萨德,高等教育出版社,青春,1,46
D00376,《七步危情》,,社科文献出版社 ,青春,1,48
D00377,《我靠谱，你随意》,是撒旦,中华书局,青春,1,47
D00378,《你是我的独家记忆》,,中国政法大学出版社,青春,1,50
D00379,《后来我们都哭了》,,中国金融出版社 ,青春,1,49
D00380,《唱情歌的少年请别忧伤》,,上海译文出版社,青春,1,48
D00381,《逆夏》,夏,吉林大学出版社,青春,1,44
D00382,《我只是难过不能陪你一起老》,看见撒大海,吉林大学出版社,青春,1,44
D00383,《晨光搁浅》,石蛾, 中国致公出版社,青春,1,48
D00384,《微光迷失的尘夏》,赛女,高等教育出版社,青春,1,42
D00385,《如果下辈子我还记得你》,杰尔夫,吉林大学出版社,青春,1,43
D00386,《全世界为你唱这首小情歌》,奇马,上海译文出版社,青春,1,49
D00387,《蔷薇纪年静谧时》,爱与美,中国政法大学出版社,青春,1,36
D00388,《云朵上的歌》,,中华书局,青春,1,38
D00389,《蔷薇色尘埃》,木事, 中国致公出版社,青春,1,30
D00390,《天使消失在街角》,落落,机械工业出版社,青春,1,41
D00391,《青藤之凉》,落落,中国金融出版社 ,青春,1,48
D00392,《听说每一颗星球都会哭泣》,枯死,人民出版社,青春,1,43
D00393,《月光漫过珍珠夏》,落落,高等教育出版社,青春,1,47
D00394,《原来你还在这里》,雨, 中国致公出版社,青春,1,34
D00395,《致我们终将逝去的青春》,可心,中华书局,青春,1,50
D00396,《山月不知心底事》,罗刹鬼,机械工业出版社,青春,1,44
D00397,《晨昏》,陈云, 中国致公出版社,青春,1,47
D00398,《许我向你看》,张静安,科学出版社,青春,1,36
D00399,《水仙已乘鲤鱼去》,张静安,中国政法大学出版社,青春,1,32
D00400,《凉生，我们可不可以不忧伤》,张静安,机械工业出版社,青春,1,46
E00401,最好的时光在路上,郭子鹰,中信出版社,旅游,1,37
E00402,我的职业是旅行,小鹏,中信出版社,旅游,1,29
E00403,中国自助游,《中国自助游》编辑部,光明日报出版社,旅游,1,28
E00404,孤独星球Lonely Planet旅行指南系列,澳大利亚Lonely Planet公司,中国地图出版社,旅游,1,25
E00405,孤独星球Lonely Planet“IN”系列澳大利亚Lonely Planet公司,,中国地图出版社,旅游,1,40
E00406,不小心，日子过得这么有趣,垒抠,中信出版社,旅游,1,47
E00407,去，你的旅行,阿Sam,中信出版社,旅游,1,47
E00408,《海洋旅游学导论》,李隆华，俞树彪,浙江大学出版社,旅游,1,26
E00409,《生态旅游》,David Weaver,南开大学出版社,旅游,1,20
E00410,《城市旅游 : 原理·案例》,保继刚,南开大学出版社,旅游,1,26
E00411,《城市休闲旅游 : 理论·案例》,"叶文, 王越平, 马谊妮",南开大学出版社,旅游,1,22
E00412,《生态旅游 : 全球观点与中国实践》,宋瑞,中国水利水电出版社,旅游,1,37
E00413,《遗产旅游》," 戴伦·J. 蒂莫西, 斯蒂芬·W. 博伊德",中国水利水电出版社,旅游,1,43
E00414,《商务旅游策划与管理》,王缇萦,中国水利水电出版社,旅游,1,44
E00415,《城市生态与旅游经济导论》,李建龙,中国水利水电出版社,旅游,1,49
E00416,《生态旅游学》,严力蛟,中国环境科学出版社,旅游,1,28
E00417,《民俗风情旅游》,"邓永进, 薛群慧, 赵伯乐",中国环境科学出版社,旅游,1,46
E00418,《生态旅游》,张建萍,中国旅游出版社,旅游,1,41
E00419,《民俗文化的现代旅游表达》,麻益兵,北京大学出版社,旅游,1,48
E00420,《世界遗产旅游概论》,彭顺生,北京大学出版社,旅游,1,34
E00421,《温泉开发的策划与规划 : 构筑旅游与休闲的温泉世界 : the construction》,"王艳平, 王捷",北京大学出版社,旅游,1,50
E00422,《生态旅游》,"杨桂华, 钟林生, 明庆忠",北京大学出版社,旅游,1,42
E00423,《生态旅游经济关系和谐发展论》,唐静,中国环境科学出版社,旅游,1,43
E00424,《会展旅游》,贾晓龙,清华大学出版社,旅游,1,42
E00425,《生态旅游发展的理论与实践》,邱云美,清华大学出版社,旅游,1,40
E00426,城变，一个中国传统城市的细胞再造,王志刚,人民出版社,旅游,1,24
E00427,《中国民俗旅游学新论》,周作明,旅游教育出版社,旅游,1,38
E00428,《出国自助游教室》,三少,机械工业出版社,旅游,1,23
E00429,《文化遗产与旅游》, Dallen J. Timothy,机械工业出版社,旅游,1,42
E00430,我知道你在想什么,利丽安·格莱斯,中国旅游出版社,旅游,1,39
E00431,I Can旅游系列04,耐看工作室,中国旅游出版社,旅游,1,32
E00432,上海玩全指南,曹忆雯，赵如玺,中国旅游出版社,旅游,1,37
E00433,三十六计应用指南,周予香,中国旅游出版社,旅游,1,39
E00434,海外文摘.人物写真卷.二十周年典藏本,：何桂全，祝勇,中国旅游出版社,旅游,1,47
E00435,《金瓶梅》趣谈,张士魁,中国旅游出版社,旅游,1,34
E00436,月异星邪,古龙,中国旅游出版社,旅游,1,21
E00437,中国蜀道,王蓬,中国旅游出版社,旅游,1,30
E00438,世界万花筒.,沈国新,中国旅游出版社,旅游,1,30
E00439,哪里那里/,号角传媒 ,中国旅游出版社,旅游,1,20
E00440,洛阳散记,纪流 宋垒,中国旅游出版社,旅游,1,30
E00441,水灵魂,张彬 ,中国旅游出版社,旅游,1,36
E00442,"
智谋学
",张凯玲,中国旅游出版社,旅游,1,31
E00443,故宫丛谈,萧正文,中国旅游出版社,旅游,1,32
E00444,一个旅游领队的经历,戈根海姆,中国旅游出版社,旅游,1,38
E00445,红楼梦（精装）,曹雪芹、高鄂,中国旅游出版社,旅游,1,36
E00446,兰州,何效祖,中国旅游出版社,旅游,1,48
E00447,八年,邓伟,中国旅游出版社,旅游,1,27
E00448,2020全国民宿产业发展研究报告,：中国旅游协会民宿客栈与精品酒店分会,中国旅游出版社,旅游,1,22
E00449,蜀道青泥 ,商震,中国旅游出版社,旅游,1,35
E00450,"
五台山导游",魏国祚,中国旅游出版社,旅游,1,41
E00451,北京城市生活指南,mars编辑部,中国旅游出版社,旅游,1,25
E00452,中国现代游记选,马忠林,中国旅游出版社,旅游,1,23
E00453,五台山导游,魏国祚,中国旅游出版社,旅游,1,39
E00454,2020全国民宿产业发展研究报告,中国旅游协会民宿客栈与精品酒店分会,中国旅游出版社,旅游,1,50
E00455,正版 走遍全球,：周莉,中国旅游出版社,旅游,1,33
E00456,正版 世界著名游记丛书第四辑--纪德游记,安德烈·纪德,中国旅游出版社,旅游,1,45
E00457,香巴拉之魂秘境稻城,李忠东,中国旅游出版社,旅游,1,40
E00458,楚小香,古龙,中国旅游出版社,旅游,1,43
E00459,印度,日本大宝石出版社,中国旅游出版社,旅游,1,46
E00460,西南自助游攻略（上）,自助游攻略编委会,中国旅游出版社,旅游,1,21
E00461,长空自游系列：普吉岛,郑伟,中国旅游出版社,旅游,1,33
E00462,印度 众神眷顾之地,《图行世界》编辑部,中国旅游出版社,旅游,1,22
E00463,厦门攻略,《全球攻略》编写组,中国旅游出版社,旅游,1,30
E00464,北台湾二日游,行遍天下记者群,中国旅游出版社,旅游,1,27
E00465,正版书 河北.天津,编辑部,中国旅游出版社,旅游,1,44
E00466,旅游科研立项成果汇编,中国旅游研究院,中国旅游出版社,旅游,1,28
E00467,走遍全球：荷兰·比利时·卢森堡（,日本大宝石出版社,中国旅游出版社,旅游,1,39
E00468,香港澳门,日本大宝石出版社,中国旅游出版社,旅游,1,21
E00469,走遍全球：美国,日本大宝石出版社,中国旅游出版社,旅游,1,44
E00470,中国旅游法规全书,国家旅游局政策法规司,中国旅游出版社,旅游,1,35
E00471,家庭游伦敦 ,英国DK公司,中国旅游出版社,旅游,1,27
E00472,雪域圣殿-布达拉宫.,西藏布达拉宫管理处,中国旅游出版社,旅游,1,20
E00473,香港澳门深圳珠海,高云,中国旅游出版社,旅游,1,43
E00474,自助游东北华北,鲍威,中国旅游出版社,旅游,1,46
E00475,生活中500个禁区,韩枫,中国旅游出版社,旅游,1,38
E00476,海外领队培训教程：海外旅游目的地概况,曹景洲,中国旅游出版社,旅游,1,28
E00477,星级饭店访查规范饭店特殊情景题库 /,全国旅游星级饭店评定委员会办公室,中国旅游出版社,旅游,1,39
E00478,行行摄色 ,：杨大洲,中国旅游出版社,旅游,1,27
E00479,昆明大理丽江香格里拉攻略,《昆明,中国旅游出版社,旅游,1,40
E00480,会议型饭店精细化管理,王济明,中国旅游出版社,旅游,1,26
E00481,中国现代游记选 ,马忠林,中国旅游出版社,旅游,1,34
E00482,跟大师读懂古典戏剧,王国维 ,中国旅游出版社,旅游,1,27
E00483,前厅与客房管理,唐飞,中国旅游出版社,旅游,1,42
E00484,老眼看世界精选本,白永清,中国旅游出版社,旅游,1,25
E00485,中国现代游选,杨国璋,中国旅游出版社,旅游,1,39
E00486,西餐烹饪知识,李子厚,中国旅游出版社,旅游,1,21
E00487,【1988年一版一印】镜泊湖诗选,唐凤宽、肖行,中国旅游出版社,旅游,1,32
E00488,幽默语言操作,瓜田,中国旅游出版社,旅游,1,49
E00489,飞鸿雪泥,卢沙,中国旅游出版社,旅游,1,33
E00490,月异星邪 下册 书脊有破损,古龙,中国旅游出版社,旅游,1,23
E00491,蒋介石的八大金刚与十三太保,孔钓,中国旅游出版社,旅游,1,47
E00492,成都夜太High【馆藏】【内有泛黄】,伍远近 ,中国旅游出版社,旅游,1,42
E00493,3M老林的情与Hua/美团大学美酒学院大咖书系,：林聪、尹欣,中国旅游出版社,旅游,1,33
E00494,中国人物之最 ..,倪树春 ,中国旅游出版社,旅游,1,45
E00495,in hand首尔 5天4夜享乐 美容 文化体验全攻略,黄怀莹，唐祖湘文·图,中国旅游出版社,旅游,1,48
E00496,中国旅游必备 第二版·,：王正华,中国旅游出版社,旅游,1,38
E00497,中国名胜传说揽萃,程国富 ,中国旅游出版社,旅游,1,33
E00498,广州市越秀区文物景点集萃 千年风物,陈健秀,中国旅游出版社,旅游,1,45
E00499,古镇川行【书脊受损】,秦俭 ,中国旅游出版社,旅游,1,37
E00500,峨眉山旅游指南【内有笔迹】,苏皖,中国旅游出版社,旅游,1,26
F00501,读者,梁文道,甘肃人民出版社,杂志,1,5
F00502,中国国家地理,崔钟雷,中国国家地理杂志社,杂志,1,26
F00503,我们爱科学+宇宙奥秘,陈天昌,中国少年儿童新闻出版总社,杂志,1,20
F00504,新知,苗炜,生活·读书·新知三联书店,杂志,1,20
F00505,博物,张炜,《中国国家地理》杂志社,杂志,1,56
F00506,意林少年版,铁凝,意林杂志社,杂志,1,57
F00507,妈妈宝宝BOX宝贝盒子,王洪,宝贝盒子BOX杂志社,杂志,1,21
F00508,科学画报,余洪,上海科学技术出版社,杂志,1,15
F00509,孤独星球,刘琦,孤独星球杂志社,杂志,1,35
F00510,人与自然,周达,人与自然出版社,杂志,1,34
F00511,环球人文地理,王晓蕾,重庆市邮政局报刊发行局发报刊科,杂志,1,14
F00512,NationalGeographic国家地理 ,孙建军,美国国家地埋出版社,杂志,1,63
F00513,中国国家旅游,李风臣,中国国家旅游杂志社,杂志,1,13
F00514,旅行家,宁武,旅行家杂志社,杂志,1,15
F00515,汽车自驾游,汪森雷 ,汽车自驾游出版社,杂志,1,3
F00516,儿童文学（少年版）,刘庆邦,中国少年儿童新闻出版总社,杂志,1,5
F00517,童趣-环球探索（下：通识）,王安忆 ,童趣出版有限公司,杂志,1,7
F00518,博物,贾平凹,《中国国家地理》杂志社,杂志,1,8
F00519,环球科学,方令孺,《环球科学》杂志社有限公司,杂志,1,45
F00520,幼儿画报,鲁彦,中国少年儿童新闻出版总社,杂志,1,65
F00521,演讲与口才.学生版,粱遇春,吉林师范学院,杂志,1,34
F00522,妈咪宝贝,林徽因,妈咪宝贝杂志社,杂志,1,47
F00523,幼儿智力世界,汤世杰,幼儿智力世界杂志社,杂志,1,31
F00524,幼儿园,汤世杰,明天出版社,杂志,1,25
F00525,嘟嘟熊画报,蹇先艾,中国少年儿童新闻出版,杂志,1,35
F00526,儿童文学 儿童双本套,梁实秋,中国少年儿童新闻出版总社,杂志,1,46
F00527,童趣 公主学院,李健吾,童趣,杂志,1,32
F00528,昕薇vivi,刘达,昕薇杂志社,杂志,1,17
F00529,瑞丽服饰美容,韩琦,瑞丽杂志社,杂志,1,47
F00530,VOGUE服饰与美容,都美其,vogue服饰与美容杂志社,杂志,1,14
F00531,瑞丽伊人风尚,王喜,北京《瑞丽》杂志社,杂志,1,13
F00532,米娜,于其,米娜杂志社,杂志,1,11
F00533,男人装,罗翰,时尚杂志社,杂志,1,14
F00534,红秀grazia,罗吉,红秀杂志社,杂志,1,15
F00535,时尚芭莎,谢建琪,北京时尚迅达书刊发行有限公司,杂志,1,15
F00536,LOHAS•健康时尚,王仁伟,LOHAS•健康时尚杂志社,杂志,1,32
F00537,世界时装之苑,郭启达,世界时装之苑杂志社,杂志,1,14
F00538,美食,毛东东,美食杂志社,杂志,1,15
F00539,东方美食烹饪艺术家,陈晓,中国人民大学书报资料中心,杂志,1,19
F00540,食品与健康,陈任,食品与健康杂志社,杂志,1,14
F00541,四川烹饪,尹其,四川烹饪出版社 ,杂志,1,18
F00542,中国烹饪,刘捍东,中国烹饪出版社 ,杂志,1,17
F00543,东方美食餐饮经理人,许国琦,中国人民大学书报资料中心 ,杂志,1,12
F00544,中国大厨,闫清波,齐鲁电子音像出版社,杂志,1,11
F00545,Vista看天下,任天雷,《Vista看天下》杂志社 ,杂志,1,10
F00546,新周刊,刘佳佳,广东新周刊杂志社,杂志,1,12
F00547,三联生活周刊,王启,中国出版集团,杂志,1,33
F00548,南方人物周刊,刘梅,广东南方周末报系发行有限公司,杂志,1,14
F00549,南风窗,刘韩寒,广东省邮政发报刊科 ,杂志,1,33
F00550,周末画报,王睿,周末画报编辑部,杂志,1,13
F00551,人物,任凯,北京市发报刊局 ,杂志,1,25
F00552,半月谈 ,王大雷,北京市发报刊局,杂志,1,24
F00553,环球人物 ,许磊,人民日报社,杂志,1,16
F00554,世界博览,徐国宁,世界知识出版社,杂志,1,8
F00555,艺术与设计,陈玉菊,艺术与设计杂志社,杂志,1,41
F00556,VISION青年视觉,徐宝森,中国青年杂志社,杂志,1,9
F00557,时尚家居 ,汪洋,时尚家居杂志社 ,杂志,1,65
F00558,id+c室内设计与装修,秦艳凯,江苏《室内》杂志社,杂志,1,32
F00559,时代楼盘 ,王忠诚,广东经济出版社 ,杂志,1,58
F00560,Design 360观念与设计,何培,三度文化传媒 ,杂志,1,41
F00561,包装与设计,杨文清,广东包装与设计杂志社 ,杂志,1,35
F00562,世界建筑,刘恒力,清华大学出版社,杂志,1,32
F00563,景观设计,于猛,大连理工大学出版社,杂志,1,45
F00564,地产,刘涛涛,财讯传媒,杂志,1,13
F00565,商界,郭丽丽,商界杂志社,杂志,1,10
F00566,HBRC哈佛商业评论（中文版） ,刘美丽,中国证券市场设计研究中心 ,杂志,1,13
F00567,第一财经,李洋,第一财经周刊杂志社,杂志,1,12
F00568,销售与市场,韩琦,销售与市场杂志社 ,杂志,1,55
F00569,三联生活周刊 ,吴梦雨,中国出版集团,杂志,1,12
F00570,商业周刊（中文版）,周莉莉,现代传播,杂志,1,23
F00571,财经,郭基,财经杂志社,杂志,1,52
F00572,商业评论 ,肖贝,商业评论杂志社,杂志,1,35
F00573,经理人,赵凯,经理人出版社,杂志,1,21
F00574,商界评论,王缇,商界评论出版社,杂志,1,21
F00575,求是,刘达,中国共产党中央委员会,杂志,1,32
F00576,中等数学,倪琦,天津师范大学,杂志,1,32
F00577,博物,洛凯其,《中国国家地理》杂志社,杂志,1,52
F00578,故事会,朱利,上海文艺出版总社 ,杂志,1,21
F00579,第一时间,周涛,延边教育出版社 ,杂志,1,11
F00580,婴儿益智画册,肖吉吉,婴儿益智画册杂志出版社 ,杂志,1,35
F00581,童趣米老鼠,任琪琪,童趣米老鼠出版社 ,杂志,1,22
F00582,萌芽,吴丹,萌芽杂志社 ,杂志,1,5
F00583,课堂内外,刘晓娜,课堂内外出版社,杂志,1,21
F00584,英语沙龙,赵志怡,英语沙龙杂志社,杂志,1,6
F00585,彭蒙惠英语,韩志琪,吉林空中英语教室杂志社有限公司,杂志,1,3
F00586,吉林空中英语教室杂志社有限公司,余志航,中国银行业监督管理委员会,杂志,1,40
F00587,秘书工作,刘伟,中共中央办公厅秘书局,杂志,1,56
F00588,环球人物,满心,人民日报社,杂志,1,5
F00589,税务研究,朱得超,中国税务杂志社 ,杂志,1,8
F00590,秘书工作,郭涛,中共中央办公厅秘书局,杂志,1,9
F00591,中国农村金融:原中国农村信用合作杂志,刘贝贝,中国银行业监督管理委员会,杂志,1,41
F00592,人力资源开发与管理,耿玉伟,中国人民大学书报资料中心 ,杂志,1,15
F00593,施工企业管理,韩六,中国施工企业管理协会,杂志,1,16
F00594,中国注册会计师,胡大,中国注册会计师协会 ,杂志,1,55
F00595,中国外汇,刘琼,中国外汇管理杂志社 ,杂志,1,6
F00596,会计研究,张卫东,中国会计学会,杂志,1,7
F00597,中国内部审计,安东然,中国内部审计学会,杂志,1,55
F00598,补差价,许即,补差价,杂志,1,6
F00599,中欧商业评论 ,许志安,中欧商业评论杂志社,杂志,1,23
F00600,商业周刊,刘子琪,现代传播 ,杂志,1,22
G00601,理想国,柏拉图 ,研究出版社,哲学,1,45.8
G00602,哲学研究,维特根斯坦,商务印书馆,哲学,1,32.7
G00603,美学,黑格尔,重庆出版社,哲学,1,34
G00604,悲剧的诞生,弗里德里希.尼采,北京十月文艺出版社,哲学,1,22.5
G00605,诠释学1、2真理与方法,汉斯 格奥尔格 伽达默尔,商务印书馆,哲学,1,129.3
G00606,存在与时间,海德格尔,商务印书馆,哲学,1,50.7
G00607,西方哲学史,梯利,商务印书馆,哲学,1,28
G00608,中国哲学大纲,张岱年,商务印书馆,哲学,1,58.8
G00609,老子今注今译,老子,商务印书馆,哲学,1,41.5
G00610,庄子今注今译,庄子,中华书局,哲学,1,43.88
G00611,管子四篇诠释,管子,商务印书馆,哲学,1,47.3
G00612,汉魏两晋南北朝佛教史,汤用彤,上海人民出版社,哲学,1,58.8
G00613,胡塞尔哲学中的发生问题,雅克 德里达,商务印书馆,哲学,1,24.9
G00614,纯粹理性批判,康德,人民出版社,哲学,1,38.4
G00615,纯粹理想批判讲演录,邓晓芒,商务印书馆,哲学,1,57.4
G00616,牛顿研究,亚历山大 阿瓦雷,商务印书馆,哲学,1,35
G00617,近代物理科学的形而上学基础,埃德温 阿瑟  伯特,商务印书馆,哲学,1,36.7
G00618,世界图景的机械化,爱德华 扬 戴克斯特豪斯,商务印书馆,哲学,1,53.6
G00619,哥德尔 埃舍尔 巴赫：集异璧之大成,侯世达,商务印书馆,哲学,1,95.8
G00620,生命是什么？,薛定谔,商务印书馆,哲学,1,15.6
G00621,奥古斯丁选集,奥古斯丁,宗教文化出版社,哲学,1,82.27
G00622,忏悔录,奥古斯丁,商务印书馆,哲学,1,32
G00623,第一哲学沉思集,笛卡尔,商务印书馆,哲学,1,28.9
G00624,伦理学,斯宾诺莎,商务印书馆,哲学,1,24.2
G00625,康德论人类尊严,奥利奥 森森,商务印书馆,哲学,1,43.4
G00626,单子论,莱布尼兹,五南出版社,哲学,1,41
G00627,法国大革命反思录,埃德蒙 柏克,江西人民出版社,哲学,1,26.77
G00628,人类理智新论,莱布尼兹,商务印书馆,哲学,1,45.5
G00629,神正论,莱布尼兹,商务印书馆,哲学,1,46.8
G00630,大问题,罗伯特 所罗门 凯斯琳 希金斯,清华大学出版社,哲学,1,69.2
G00631,人类知识原理,贝克莱,商务印书馆,哲学,1,18.5
G00632,知堂回想录,周作人,牛津大学出版社,哲学,1,206
G00633,道德哲学研究,休谟,商务印书馆,哲学,1,18.5
G00634,法哲学原理,黑格尔,商务印书馆,哲学,1,41
G00635,伦理与存在 道德哲学研究,杨国荣,华东师范大学出版社,哲学,1,54.88
G00636,阿多诺道德哲学研究,丁乃顺,中国社会科学出版社,哲学,1,34.4
G00637,老子解读,兰喜并,三晋出版社,哲学,1,24.6
G00638,魏晋玄学道德哲学研究,尚健飞,人民出版社,哲学,1,26.8
G00639,利维坦,霍布斯,商务印书馆,哲学,1,34.33
G00640,政府论,洛克,重庆出版社,哲学,1,31.9
G00641,社会契约论,卢梭,商务印书馆,哲学,1,16
G00642,论人类不平等的起源,卢梭,浙江文艺出版社,哲学,1,16
G00643,实践理性批判,康德,商务印书馆,哲学,1,19.9
G00644,判断力批判,康德,人民出版社,哲学,1,323.4
G00645,全部知识学原理,费希特,商务印书馆,哲学,1,16.6
G00646,全部知识学的基础,费希特,商务印书馆,哲学,1,38.8
G00647,作为意志与表象的世界、附录与补遗,叔本华,商务印书馆,哲学,1,56
G00648,创造进化论,博格林,商务印书馆,哲学,1,25.04
G00649,豹迹,巫鸿,上海人民出版社,哲学,1,68
G00650,时间与自由意志,柏格林,商务印书馆,哲学,1,16.7
G00651,暗时间,刘未鹏,电子工业出版社,哲学,1,39.5
G00652,论犹太人问题,马克思,中央编译出版社,哲学,1,92.33
G00653,关于费尔巴哈的提纲,马克思,人民出版社,哲学,1,36.3
G00654,共产党宣言,马克思,人民出版社,哲学,1,21
G00655,伦理学方法,西季威克,商务印书馆,哲学,1,57.8
G00656,认识的谬误,马赫,商务印书馆,哲学,1,36
G00657,感觉的分析,马赫,商务印书馆,哲学,1,44
G00658,经济与自然,杜威,商务印书馆,哲学,1,59
G00659,科学与近代世界,怀特海,商务印书馆,哲学,1,21.1
G00660,论实证主义,孔德,商务印书馆,哲学,1,16.6
G00661,哲学问题,罗素,商务印书馆,哲学,1,13.8
G00662,心的概念,赖尔,商务印书馆,哲学,1,32.9
G00663,真理与意义,戴维森,商务印书馆,哲学,1,27
G00664,意识的解释,丹尼特,中信出版集团,哲学,1,76.7
G00665,科学革命的结构,库恩,北京大学出版社,哲学,1,30.2
G00666,科学研究纲领,拉卡托斯,上海译文出版社,哲学,1,20
G00667,反对方法,费耶阿本德,上海译文出版社,哲学,1,20.6
G00668,纯粹现象学导论,胡塞尔,上海文化出版社,哲学,1,24.9
G00669,林中路,海德格尔,商务印书馆,哲学,1,39
G00670,知觉现象学,梅洛庞蒂,商务印书馆,哲学,1,122
G00671,存在与虚无,萨特,三联书店,哲学,1,36
G00672,科学时代的理性,伽达默尔,三联书店,哲学,1,24.5
G00673,保卫马克思,阿尔都塞,商务印书馆,哲学,1,32.9
G00674,读资本论,阿尔都塞,人民出版社,哲学,1,152
G00675,乔治 巴塔耶文选,巴塔耶,吉林人民出版社,哲学,1,35
G00676,爱欲与文明,巴尔库塞,上海译文出版社,哲学,1,21
G00677,单向度的人,巴尔库塞,上海世纪出版集团,哲学,1,18
G00678,在自由中丧失,罗默,经济科学出版社,哲学,1,22.8
G00679,通往奴役之路,哈耶克,中国社科出版社,哲学,1,24.5
G00680,自由宪章,哈耶克,中国社会科学出版社,哲学,1,45.6
G00681,知识分子的鸦片,雷蒙阿隆,译林出版社,哲学,1,27
G00682,正义论,罗尔斯,中国社科出版社,哲学,1,20
G00683,符号学原理,巴尔特,中国人民大学出版社,哲学,1,24
G00684,写作的零度,巴尔赫,中国人民大学出版社,哲学,1,23
G00685,启蒙辩证法,霍克海默,上海人民出版社,哲学,1,43
G00686,历史与阶级意识,卢卡奇,商务印书馆,哲学,1,42.6
G00687,科学的反革命,哈耶克,商务印书馆,哲学,1,32
G00688,后现代状态,利奥塔,南京大学出版社,哲学,1,25
G00689,共同体与社会,滕尼斯,商务印书馆,哲学,1,53
G00690,现代性与大屠杀,鲍曼,译林出版社,哲学,1,36.8
G00691,精神分析引论,弗洛伊德,民主与建设出版社,哲学,1,26.9
G00692,极权主义的起源,阿伦特,商务印书馆,哲学,1,121
G00693,自由四论,伯林,译林出版社,哲学,1,44.8
G00694,自由的背叛,伯林,译林出版社,哲学,1,35.1
G00695,变化社会中的政治秩序,亨廷顿,上海人民出版社,哲学,1,42
G00696,历史的终结与最后的人,福山,广西师范大学出版社,哲学,1,24.23
G00697,政治秩序的起源,福山,广西师范大学出版社,哲学,1,62.6
G00698,中国文化要义,梁漱溟,上海人民出版社,哲学,1,32.5
G00699,拉康选集,拉康,华东师范大学出版社,哲学,1,90.06
G00700,经济增长理论,熊彼特,商务印书馆,哲学,1,29.2
G00701,二战战史,萨默维尔,吉林文史出版社,军事,1,45
G00702,一战战史,韦斯特韦尔,吉林文史出版社,军事,1,45
G00703,四十七军在朝鲜,王世秦,辽宁出版社,军事,1,30.5
G00704,四十军在朝鲜,王世秦,辽宁出版社,军事,1,30.5
G00705,三十八军在朝鲜,王世秦,辽宁出版社,军事,1,45
G00706,三十九军在朝鲜,王世秦,辽宁出版社,军事,1,28
G00707,世界兵器大百科,云凡,北方科技出版社,军事,1,60
G00708,大国战略,金一南,中国言实出版社,军事,1,32.5
G00709,血战长津湖,何楚舞,现代出版社,军事,1,45
G00710,决战朝鲜,李峰,现代出版社,军事,1,81
G00711,历史的变量,李峰,现代出版社,军事,1,59.8
G00712,战争与大国崛起,邵永灵,辽宁人民出版社,军事,1,38
G00713,我认识的鬼子兵,方军,辽宁人民出版社,军事,1,55
G00714,决战华东,刘统,辽宁人民出版社,军事,1,75
G00715,铁血太平洋,徐焰,辽宁人民出版社,军事,1,145
G00716,铁血一战,徐焰,辽宁人民出版社,军事,1,70
G00717,铁血旅顺湾,徐焰,辽宁人民出版社,军事,1,75
G00718,黄埔纪事,陈宇,辽宁人民出版社,军事,1,75
G00719,陆战之王,刘向刚,国防工业出版社,军事,1,49.9
G00720,军事系统工程,刘忠,国防工业出版社,军事,1,45
G00721,战争论,克劳塞维茨,名主与建设出版社,军事,1,84
G00722,空军网络化指挥信息系统,张刚宁,国防工业出版社,军事,1,99
G00723,防空反导导弹,张忠阳,国防工业出版社,军事,1,30
G00724,飞航导弹,袁健全,国防工业出版社,军事,1,45
G00725,步兵攻击,隆美尔,天津人民出版社,军事,1,35
G00726,闪击之王,隆美尔,天津人民出版社,军事,1,40
G00727,中途岛大海战,王永生,石油工业,军事,1,36
G00728,沙漠之狐,隆美尔,台海出版社,军事,1,123
G00729,大国海军,商金龙,白山出版社,军事,1,42
G00730,太平洋战争,拜沃特,天地出版社,军事,1,45
G00731,决战阿拉曼,耿雪峰,石油工业出版社,军事,1,36
G00732,第二次世界大战参考,侯鲁梁,石油工业出版社,军事,1,98
G00733,阿登反击战,卢飞,石油工业出版社,军事,1,46
G00734,太平洋装甲战,邓涛,石油工业出版社,军事,1,35
G00735,斯大林格勒大血战,姗崎,北京科技出版社,军事,1,35
G00736,孙子兵法,陈曦,中华书局,军事,1,45
G00737,六套三略,陈曦,中华书局,军事,1,55
G00738,谋略,弗隆地努斯,华中科技大学出版社,军事,1,45
G00739,总体战,鲁登道夫,华中科技大学出版社,军事,1,39.9
G00740,大国重器,李宏伟,华中科技大学出版社,军事,1,78
G00741,铁血诺门坎,徐焰,辽宁人民出版社,军事,1,76
G00742,铁血西线,徐焰,辽宁人民出版社,军事,1,68
G00743,决战朝鲜,李峰,现代出版社,军事,1,128
G00744,大国军魂,王诗敏,江西高校出版社,军事,1,58
G00745,狙击手作战指南,《深度军事》编委会,清华大学出版社,军事,1,45
G00746,单兵作战,《深度军事》编委会,清华大学出版社,军事,1,45
G00747,航母战斗群作战,《深度军事》编委会,清华大学出版社,军事,1,48.9
G00748,全球导弹第二版,《深度军事》编委会,清华大学出版社,军事,1,49.8
G00749,陆海空武器,军情视点,化学工业出版社,军事,1,279
G00750,大西洋海战,乔纳森.丁布尔比,中信出版社,军事,1,70
G00751,闪击英雄,古德里安,民主与建设出版社,军事,1,48.9
G00752,中国抗日战争正面战场作战记,黄玉章,江苏人民出版社,军事,1,168
G00753,C形包围,戴旭,长江文艺出版社,军事,1,45
G00754,中共中央东北局,戴茂林,辽宁人民出版社,军事,1,78
G00755,国防论,蒋百里,华中科技大学出版社,军事,1,30
G00756,海权论,马汉,华中科技大学出版社,军事,1,45
G00757,大国战略2,金一南,中国言实出版社,军事,1,65
G00758,孙子校释,吴九龙,解放军出版社,军事,1,45
G00759,制空权,朱里奥.社黑,解放军出版社,军事,1,39.9
G00760,总体战,鲁登道夫,军事科学出版社,军事,1,55
G00761,高科技与新军事革命,奥汉隆,新华出版社,军事,1,45
G00762,超越战,王湘橞,解放军文艺出版社,军事,1,49.9
G00763,震摄论,哈伦.厄尔曼,新华出版社,军事,1,50.9
G00764,中东战争全史,田上四郎,解放军出版社,军事,1,45
G00765,第三帝国的兴亡,威廉.夏伊勒,世界知识出版社,军事,1,39.8
G00766,大战略,约翰.科林斯,军事科学出版社,军事,1,45
G00767,军事战略思维,李际均,军事科学出版社,军事,1,78
G00768,战争指导,J.F.C.富勒,解放军出版社,军事,1,89
G00769,核时代战争与和平,约翰.豪斯,军事科学出版社,军事,1,48.8
G00770,失去的胜利,冯.艾里希,民主与建设出版社,军事,1,75
G00771,隆美尔战时文件,李德.哈特,民主与建设出版社,军事,1,55
G00772,超限战,乔梁,长江文艺出版社,军事,1,78
G00773,中国古代军事地理大势,饶胜文,解放军出版社,军事,1,128
G00774,日饿海战,朱利安·S. 科贝特,台海出版社,军事,1,50
G00775,战争与回忆,赫尔曼.沃克,山海译文出版社,军事,1,45
G00776,毛泽东·斯大林与朝鲜战争,沈志华,广东人民出版社,军事,1,25
G00777,清末海军舰船志,陈悦,山东日报出版社,军事,1,48
G00778,近代的尺度,茅海建,辽宁人民出版社,军事,1,65
G00779,大东亚战争全史,服部卓四郎,世界知识出版社,军事,1,198
G00780,断剑：中途岛海战尚不为人人知的真相,乔纳森·帕美尔,学林出版社,军事,1,120
G00781,近代国造舰船志,陈悦,山东日报出版社,军事,1,36
G00782,第二次世界大战战史,李德.哈特,上海人民出版社,军事,1,75
G00783,伯罗奔尼撒战争史,修昔底德,商务印书馆,军事,1,40
G00784,西洋世界军事史,约翰·弗雷德里克,广东师范大学出版社,军事,1,168
G00785,二战苏德军服,周明,上海社会科学院出版社,军事,1,68.9
G00786,斯大林格勒三部曲第一部：兵临城下,戴维·M·格兰茨,台海出版社,军事,1,159.8
G00787,一战秘史：鲜为人知的1914-1918,梅尔,新华出版社,军事,1,56
G00788,民国海军舰船志：1912-1937,陈悦,山东画报出版社,军事,1,48
G00789,无畏之海：第一次世界大战海战全史,章骞,山东画报出版社,军事,1,120
G00790,中国历代战争史,台湾三军大学,中信出版社,军事,1,59.8
G00791,1944：松山战役笔记,余戈,新知三联书店,军事,1,39
G00792,美军大改革,詹姆斯·邓尼根,海南出版社,军事,1,19.8
G00793,中世纪战争艺术史,查尔曼·欧曼,台海出版社,军事,1,109.8
G00794,中国近代海军史事新诠,马幼恒,中华书局,军事,1,120
G00795,明前期军事制度研究,李新峰,北京大学出版社,军事,1,50
G00796,被遗忘的士兵：一个德国士兵的苏德战争回忆录,盖伊·萨杰,新华出版社,军事,1,68
G00797,苏俄驱逐舰全史,陆乐,中国长安出版社,军事,1,49.8
G00798,毛泽东栗裕与淮海决战,张雄文,人民出版社,军事,1,48
G00799,战争指导,富勒,广西人民出版社,军事,1,28
G00800,第一野战军,许福芦,长征出版社,军事,1,60
H00801,《伯罗奔尼撒战争史》,修昔底德,中国社会科学出版社,历史,1,118
H00802,《曾国藩全集》,曾国藩,岳麓书社,历史,1,688
H00803,《史记》,司马迁,岳麓书社,历史,1,700
H00804,《胡林翼集》,胡林翼,岳麓书社,历史,1,350
H00805,《杨度》,唐浩明,岳麓书社,历史,1,108
H00806,《船山文集》,王夫之,岳麓书社,历史,1,359
H00807,《星云日记》,星云大师,岳麓书社,历史,1,69
H00808,《八股文话（全六册）》,明清两代及近代学者,岳麓书社,历史,1,799
H00809,《沈从文别集》,沈从文,岳麓书社,历史,1,209
H00810,《鲁迅全集》,鲁迅,人民文学出版社,历史,1,699
H00811,《老舍全集》,老舍,人民文学出版社,历史,1,587
H00812,《汪曾祺全集》,汪曾祺,人民文学出版社,历史,1,788
H00813,《巴尔扎克全集》,巴尔扎克,人民文学出版社,历史,1,499
H00814,《陀思妥耶夫斯基文集》,陀思妥耶夫斯基,人民文学出版社,历史,1,457
H00815,《高尔基文集》,高尔基,人民文学出版社,历史,1,699
H00816,《契科夫文集》,契科夫,人民文学出版社,历史,1,756
H00817,《列夫托尔斯泰文集》,列夫托尔斯泰,人民文学出版社,历史,1,309
H00818,《王蒙文集》,王蒙,人民文学出版社,历史,1,563
H00819,《莎士比亚全集》,莎士比亚,人民文学出版社,历史,1,786
H00820,《万历十五年》,[美] 黄仁宇,生活·读书·新知三联书店,历史,1,36.7
H00821,《中国通史》,傅乐成,中信出版社,历史,1,59
H00822,《人类简史》, [以] 尤瓦尔·赫拉利, 中信出版社,历史,1,34
H00823,《明朝那些事》, 当年明月, 浙江人民出版社,历史,1,213
H00824,《半小时漫画中国史》, 二混子,江苏凤凰文艺出版社,历史,1,130`
H00825,《全球通史》,斯塔夫里阿诺斯 ,北京大学出版社,历史,1,79
H00826,《显微镜下的大明》,马伯庸,湖南文艺出版社,历史,1,116
H00827,《苏东坡传》,林语堂,湖南文艺出版社,历史,1,26
H00828,《你一定爱读的极简中国史》, 吕思勉,浙江文艺出版社,历史,1,41
H00829,《南京大屠杀》,张纯如,中信出版社,历史,1,33.8
H00830,《三国志》,陈寿,果麦出版社,历史,1,148
H00831,《易中天中华史》,易中天,果麦出版社,历史,1,842
H00832,《罗马史纲》,李筠,中南博集天卷,历史,1,39
H00833,《中国的历史》,黄仁宇,北京理工大学,历史,1,307.2
H00834,《中国通史》,白寿彝,华夏出版社,历史,1,298
H00835,《中国近代史》,蒋廷黻,民主与建设出版社,历史,1,37.4
H00836,《万历十五年》,黄宇,中华书局,历史,1,79
H00837,《中国历代政治得失》,钱穆,中华书局,历史,1,57
H00838,《三国史话》,思勉,人民文学出版社,历史,1,48
H00839,《雍正王朝》,二月河,花城出版社,历史,1,59
H00840,《中国历朝通俗演习,蔡东潘,中华书局,历史,1,117
H00841,《上下五千年》,林汉达,外文出版社,历史,1,337
H00842,《那时汉朝》,月望东山,长征出版社,历史,1,722
H00843,《中国历史通论》,王家范,生活·读书·新知三联书店出版,历史,1,45
H00844,《品三国》,易中天,上海人民出版社,历史,1,38
H00845,《万历十五年》,黄仁宇,生活·读书·新知三联书店,历史,1,79
H00846,《全球通史：从史前史到21世纪》,L·S·斯塔夫里阿诺斯,复旦大学出版社,历史,1,58
H00847,《你一定爱读的极简欧洲史》,约翰·赫斯特,广西师范大学出版社,历史,1,69
H00848,《中国人史纲》,柏杨,山西人民出版社,历史,1,778
H00849,《大秦帝国》,萧然,上海科学技术文献出版社,历史,1,56
H00850,《资治通鉴》,司马光,中华书局,历史,1,40
H00851,《战国史》,杨宽,上海人民出版社,历史,1,67
H00852,《国史大纲》,钱穆 ,商务印书馆出版,历史,1,56
H00853,《万古江河：中国历史文化的转折与开展》,许倬云,湖南人民出版社,历史,1,73
H00854,《西周史》,杨宽,上海人民出版社,历史,1,48
H00855,《春秋史》,童书业,山海人民出版社,历史,1,98
H00856,《秦汉史》,吕思勉,山海人民出版社,历史,1,36
H00857,《魏晋南北朝史》,王仲荦,中华书局,历史,1,78
H00858,《隋唐史》,岑仲勉,商务印书馆出版,历史,1,110
H00859,《晚明史》,樊树志,复旦大学出版社,历史,1,217
H00860,《明清史讲义》,孟森,商务印书馆出版,历史,1,448
H00861,《近代中国史纲》,郭廷以,中华书局,历史,1,22
H00862,《唐代的外来文明 》,(美)谢弗 ,陕西师范大学出版社,历史,1,59
H00863,《大秦帝国》,孙皓晖,作家出版社,历史,1,44
H00864,《 战国史》,杨宽,上海人民出版社,历史,1,38
H00865,《波峰与波谷》,阎步克,北京大学出版社,历史,1,94
H00866,《资治通鉴启示录 》,张国刚,中华书局,历史,1,32
H00867,《古史六案》,李洁非,人民文学出版社,历史,1,57
H00868,《东晋门阀政治》,田余庆,北京大学出版社,历史,1,61
H00869,《故宫六百年》,阎崇年,三联书店(香港),历史,1,117
H00870,《从动物到上帝》,[以色列] 尤瓦尔·赫拉利,中信出版社,历史,1,451
H00871,《剑桥中国史》,费正清,英国剑桥大学出版社,历史,1,669
H00872,《中国历代政治得失》,钱穆,海南出版社,历史,1,79
H00873,《中国历史研究法》,钱穆,中国人民大学出版社,历史,1,44
H00874,《田园诗与狂想曲》,秦晖,语文出版社,历史,1,35
H00875,《金明馆丛稿初编》,陈寅恪,上海古籍出版社,历史,1,339
H00876,《城市发展史》,刘易斯·芒福德,中国建筑工业出版社,历史,1,52
H00877,《路易·波拿巴的雾月十八日》,马克思,人民出版社,历史,1,38
H00878,《治史三书》,严耕望,上海人民出版社,历史,1,67
H00879,《历史研究》,阿诺德·汤因,上海人民出版社,历史,1,94
H00880,《往事与随想》,赫尔岑,人民文学出版社,历史,1,88
H00881,《中国古代服饰研究》,沈从文,香港商务印书馆,历史,1,151
H00882,《清代地方政府》,瞿同祖,哈佛大学出版社,历史,1,69
H00883,《寒柳堂集》,　陈寅恪,译林出版社,历史,1,63
H00884,《廿二史札记校证》,赵翼,凤凰出版社,历史,1,63
H00885,《五四运动史》,周策纵,人民出版社,历史,1,98
H00886,《北平历史地理》,侯仁之,外语教学与研究出版社,历史,1,67
H00887,《读通鉴论》,王夫之,中华书局出版社,历史,1,59
H00888,《中国古代文化常识》,王力,世界图书出版公司,历史,1,93
H00889,《华南海盗纪事 》,利留斯（英）,花城出版社,历史,1,59
H00890,《公主之死》,李贞德（美）,商务印书馆,历史,1,43
H00891,《古代人的日常生活》,王磊,江苏凤凰文艺出版社,历史,1,29
H00892,《中国近代史》,徐中约,中国华侨出版社,历史,1,77
H00893,《从平城到洛阳 》,逯耀东,中华书局,历史,1,33
H00894,《义旨之争》,魏希德,浙江大学出版社,历史,1,49.6
H00895,《天国之秋》,裴士锋,社会科学文献出版社,历史,1,43
H00896,《清朝开国史》,阎崇年,中华书局 ,历史,1,32
H00897,《宋案重审 》,尚小明,社会科学文献出版社,历史,1,89
H00898,《秦汉魏晋史探微》,田余庆, 中华书局出版,历史,1,118.5
H00899,《南北战争三百年》,李硕,世纪文景/上海人民出版社,历史,1,199
H00900,《从草原到中原：拓跋百年》,李凭,"浙江文艺出版社,",历史,1,40
J00901,六祖坛经,慧能,华文出版社,宗教,,39.9
J00902,永嘉大师证道歌,蒋九愚,三平书局出版社,宗教,1,42
J00903,金刚经,鸠摩罗什,凤凰出版社,宗教,1,121.87
J00904,无量寿经,夏莲居 ,藏文古籍出版社,宗教,1,49.9
J00905,炁体源流,米晶子, 深圳报业集团出版社,宗教,1,118
J00906,正觉之道·佛子行广释,根让仁波切,中国社会科学出版社,宗教,1,58
J00907,普贤上师言教,巴珠仁波切,西藏人民出版社,宗教,1,35
J00908,指月录,[明]瞿汝稷,巴蜀书社,宗教,1,65
J00909,王骧陆居士全集,王骧陆 ,宗教文化出版社,宗教,1,78
J00910,八大菩萨传,麦彭仁波切, 藏文古籍出版社,宗教,1,58
J00911,空空之外,雪漠 , 中国大百科全书出版社,宗教,1,48
J00912,佛教的见地与修道,宗萨蒋扬钦哲仁波切,新星出版社,宗教,1,49.5
J00913,正见:佛陀的证悟,宗萨蒋扬钦哲仁波切 ,中国书籍出版社,宗教,1,28
J00914,佛教十三经,鸠摩罗什 , 中华书局,宗教,1,29
J00915,图解心经,张宏实, 海南出版社,宗教,1,72
J00916,净空法师说佛:了凡四训、金刚经、六祖坛经、说佛、说佛教故事：净空法师说佛（全五册）,净空法师,长江文艺出版社,宗教,1,86
J00917,瑜伽师地论,弥勒菩萨,宗教文化出版社,宗教,1,372
J00918,金刚经说什么,南怀瑾,复旦大学出版社,宗教,1,27
J00919,心中月,释万行,宗教文化出版社,宗教,1,20
J00920,心经诀隐:总集：佛法修证心要丛书,元音老人, 宗教文化出版社,宗教,1,88
J00921,转识成智——贾题韬与佛学,贾题韬 ,四川人民出版社,宗教,1,19.8
J00922,西藏度亡经,莲华生,宗教文化出版社,宗教,1,29.9
J00923,俱舍论颂疏讲记,[印]世亲菩萨、[唐]圆晖法师、智敏上师,上海古籍出版社,宗教,1,560
J00924,佛陀传:全世界影响力最大的佛陀传记,一行禅师, 河南文艺出版社 ,宗教,1,48
J00925,世界上最快乐的人,咏给·明就仁波切,海南出版社,宗教,1,38
J00926,藏密佛教史,第二世纪敦珠法王,西藏藏文古籍出版社,宗教,1,46
J00927,大通方广忏悔灭罪庄严成佛经,陈斌冠,海南出版社,宗教,1,95
J00928,一掷千金的上帝,[美]提姆·凯乐,新世界出版社,宗教,1,32
J00929,释迦牟尼佛广传：白莲花论,全知麦彭仁波切,西藏藏文古籍出版社,宗教,1,48
J00930,菩提道次第广论,宗喀巴,青海人民出版社,宗教,1,34
J00931,大佛顶首楞严经讲义 ,圆瑛,宗教文化出版社,宗教,1,68
J00932,大圆满前行释修宝典,根让仁波切 ,中国社会科学出版社,宗教,1,64.5
J00933,我们合理的信仰,[荷兰]赫尔曼·巴文克,南方出版社,宗教,1,158
J00934,终止你内心的暴力,一行禅师,紫禁城出版社,宗教,1,75
J00935,宗教生活的基本形式,法]爱弥尔·涂尔干 著,商务印书馆,宗教,1,46
J00936,西藏生死书,索甲仁波切 ,浙江大学出版社,宗教,1,39.8
J00937,次第花开,希阿荣博堪布,海南出版社 ,宗教,1,39.8
J00938,禅—悟前与悟后（第二版）,张铃音居士,四川大学出版社,宗教,1,28
J00939,四重缘起深般若,谈锡永,华夏出版社,宗教,1,86
J00940,地藏菩萨本愿经讲记,净空法师,北方文艺出版社,宗教,1,68
J00941,与生命相约,一行禅师,紫禁城出版社 ,宗教,1,88
J00942,净空法师讲《了凡四训》,净空法师,长江文艺出版社,宗教,1,26
J00943,内观,[美]威廉·哈特（WilliamHart）, 海南出版社,宗教,1,25
J00944,化书,[五代]谭峭,中华书局,宗教,1,23
J00945,南怀瑾选集（第三卷）:易经杂说&易经系传别讲,南怀瑾,复旦大学出版社 ,宗教,1,43
J00946,返璞归真:纯粹的基督教,C.S.路易斯、汪咏梅, 华东师范大学出版社,宗教,1,30
J00947,南怀瑾选集（第8卷）,南怀瑾,旦大学出版社,宗教,1,40
J00948,法苑珠林校注（全六册）,[唐]释道世,中华书局 ,宗教,1,175
J00949,宗喀巴大师集（全五卷）,宗喀巴 ,民族出版社 ,宗教,1,128
J00950,安士全书白话解（上下册）,周安士, 内蒙古人民出版社,宗教,1,60
J00951,龙树六论,[印]龙树,民族出版社,宗教,1,35
J00952,禅定指要,逸尘, 巴蜀书社 ,宗教,1,88
J00953,菩提道次第广论,宗喀巴、法尊,青海民族出版社,宗教,1,32
J00954,习禅录影,南怀瑾,中国世界语出版社,宗教,1,26
J00955,禅观正脉研究,南怀瑾,中国世界语出版社,宗教,1,198
J00956,童蒙止观校释,[隋]智顗,中华书局,宗教,1,8.2
J00957,印度佛教史,平川彰 ,北京联合出版公司,宗教,1,128
J00958, 路德劝慰书信,马丁·路德,上海三联书店,宗教,1,68
J00959,汉魏两晋南北朝佛教史,汤用彤,商务印书馆,宗教,1,78
J00960,有求:二十一度母给你温暖,索达吉堪布,中国文史出版社,宗教,1,35
J00961,乐育堂语录,[清]黄元吉 ,九州出版社,宗教,1,30
J00962,管好你的心:心经•金刚经大智慧,多识仁波切,江苏文艺出版社,宗教,1,32
J00963,圣洁,[英]J.C.莱尔（J.C.Ryle）,新知三联书店,宗教,1,46
J00964,金刚经讲义,江味农 ,齐鲁书社,宗教,1,55
J00965,诸神的面具:金钱、性爱与权力的空洞承诺，以及脱离它们的盼望,[美]提姆·凯乐 , 新世界出版社,宗教,1,32
J00966,禅修次第：跟释迦牟尼禅修,[德]艾雅·凯玛（Ayya Khema）,海南出版社,宗教,1,150
J00967,《法华玄义》精读,沈海燕,上海古籍出版社,宗教,1,165
J00968,耶稣真貌,[美]杨腓力（Philip Yancey）,南方出版社 ,宗教,1,169
J00969,大愿法师著述系列（全十一册）,释大愿, 宗教文化出版社,宗教,1,248
J00970,十善业道经讲记,净空法师, 北方文艺出版社,宗教,1,38
J00971,幻化网秘密藏续释,谈锡永,华夏出版社 ,宗教,1,218
J00972,藏传佛教艺术发展史,谢继胜,上海书画出版社,宗教,1,1500
J00973,基督教大辞典,丁光训、金鲁贤、张庆熊 ,上海辞书出版社,宗教,1,360
J00974,中观今论,释印顺,中华书局,宗教,1,15
J00975,般若经讲记,释印顺,中华书局,宗教,1,12
J00976,圆觉经:佛教十三经,赖永海,中华书局,宗教,1,9
J00977,康德《纯粹理性批判》句读,邓晓芒,人民出版社,宗教,1,180
J00978,十善业道经,释净空 ,线装书局,宗教,1,39.8
J00979,认识佛教,释净空 , 线装书局,宗教,1,21
J00980,佛教美术丛考续编,金申,华龄出版社 ,宗教,1,49.8
J00981,心的经典:圣严法师讲心经,圣严法师,陕西师范大学出版社,宗教,1,24
J00982,学佛三书（共3册）,圣严法师,陕西师范大学出版社,宗教,1,18
J00983,永明延寿禅师全书（全三册）,延寿,宗教文化出版社,宗教,1,880
J00984,开示:虚云老和尚说法,虚云,陕西师范大学出版社 ,宗教,1,35
J00985,金刚密乘大圆满:突破轮回之道,丹贝旺旭仁波切,宗教文化出版社,宗教,1,168
J00986,佛法要论,冯达庵,宗教文化出版社,宗教,1,170
J00987,西藏生死之书,[美]索甲仁波切,中国社会科学出版社 ,宗教,1,28
J00988,中国佛学源流略讲,吕澂,中华书局,宗教,1,38
J00989,心灵的重塑,魏乐德（Dallas Willard）,上海三联书店,宗教,1,68
J00990,新教伦理与资本主义精神,[德]马克斯·韦伯,上海人民出版社,宗教,1,65
J00991,子平真诠,[清]沈孝瞻,藏文古籍出版社,宗教,1,36
J00992,道从这里讲起:《薄伽梵歌》解读与会通,[以色列]伊萨玛·泰奥多 ,九州出版社,宗教,1,68
J00993,大圆满前行引导文,华智仁波切,藏文古籍出版社,宗教,1,39.8
J00994,圣徒永恒的安息,[英]理查德·巴克斯特（Richard Baxter）,新知三联书店,宗教,1,39
J00995,宗教情感,[美]乔纳森·爱德华兹,·新知三联书店,宗教,1,36
J00996,维摩诘经译注,徐文明 ,中华书局,宗教,1,27
J00997,五灯会元,普济；朱俊红,海南出版社,宗教,1,98
J00998,碧岩录,[宋]圜悟克勤 ,中州古籍出版社,宗教,1,32
J00999,心经的力量,弘一大师,大象出版社,宗教,1,180
J01000,佛经,释迦牟尼,宗教文化出版社,宗教,1,20
J01001,《自私的基因》,[英]理查德·道金斯,中信出版社,科学,1,45
J01002,《神秘的宇宙》,萨根 ,天津社会科学院出版社,,1,56
J01003,《万物简史》,[美] 比尔·布莱森 ,接力出版社,,1,52
J01004,《天体运行论》,[波] 尼古拉哥白尼, 江苏人民出版社,,1,24
J01005,《通向宇宙的三个阶梯》,[美]戴维·加芬克尔, 科学出版社(北京),,1,79
J01006,《基础天文学》,刘学富,高等教育出版社,,1,87
J01007,《天文学新概论》,苏宜,科学出版社,,1,34
J01008,《天才在 左右疯子》, 高铭,北京联合出版公司,,1,28
J01009,《宇宙之海的涟漪 》,(澳)大卫.布莱尔, 江西教育出版社,,1,88
J01010,《时空的未来》,史蒂芬·霍金,湖南科学技术出版社,,1,61
J01011,《变化》,灵遁者,吉林大学出版社,,1,34
J01012,《见微知著》,灵遁者,吉林大学出版社,,1,56
J01013,《20世纪科学技术简史》,李佩珊,科学出版社,,1,123
J01014,《保护环境随手可做的100件小事》,刘兵,吉林人民出版社,,1,345
J01015,《贝尔实验室》,阎康年,河北大学出版社,,1,754
J01016,《玻尔和原子》,戈革,江苏教育出版社,,1,975
J01017,《超常之谜》,申振钰,科学普及出版社,,1,134
J01018,《超导史话》,刘兵,江苏教育出版社,,1,345
J01019,《从肥皂泡到液晶生物膜》,欧阳钟灿,湖南教育出版社,,1,653
J01020,《从宇宙大爆炸谈起：元素的起源与合成》,柴之芳,湖南教育出版社,,1,63
J01021,《电脑风云五十年》,林立勋,电子工业出版社,,1,54
J01022,《动物谋生术》,王义炯,江苏教育出版社,,1,14
J01023,《动物园的故事》,余振富,中国林业出版社,,1,13
J01024,《伐木者，醒来！》,徐刚,吉林人民出版社,,1,98
J01025,《飞翔的花园》,智宇,北京少年儿童出版社,,1,46
J01026,《飞向蓝天》,谢础,江苏教育出版社,,1,67
J01027,《分形艺术》,刘华杰,湖南科学技术出版社,,1,46
J01028,《哥德巴赫猜想》,陈景润,辽宁教育出版社,,1,25
J01029,《化学的明天》,宋心琦,广西教育出版社,,1,26
J01030,《基因的故事》,陈章良,北京大学出版社,,1,74
J01031,《脊椎动物话古今》,叶祥奎,湖南教育出版社,,1,244
J01032,《技术发明的故事》,王兰智,大象出版社,,1,77
J01033,《卡文迪什实验室》,阎康年,河北大学出版社,,1,467
J01034,《科海求真》,郭正谊,江苏教育出版社,,1,33
J01035,《科学对话》,王直华,江苏教育出版社,,1,55
J01036,《科学怪影》,郭正谊,科学普及出版社,,1,43
J01037,《科学随笔经典》,黎先耀,科学普及出版社,,1,21
J01038,《科学寻踪》,王渝生,江苏教育出版社,,1,22
J01039,《克丽奥眼中的科学》,刘兵,山东教育出版社,,1,75
J01040,《了解生命》,王谷岩,江苏教育出版社,,1,36
J01041,《漫长的路：1980_1997在大熊猫中间》,潘文石,江苏科学技术出版社,,1,75
J01042,天下,张三,中花数据,,1,156
J01043,《魔术与神功》,郭正谊、傅起风,科学普及出版社,,1,53
J01044,《平衡生命的砝码：微量元素与健康》,唐任寰,湖南教育出版社,,1,98
J01045,《奇妙的昆虫王国》,张广学,广西师范大学出版社,,1,366
J01046,《奇异的仿生学》,戴君惕,湖南教育出版社,,1,742
J01047,《青少年科技活动大全》,高峰若,上海科技教育出版社,,1,26
J01048,《热带雨林漫游与民族森林文化趣谈》,许再富,云南科技出版社,,1,66
J01049,《人机共生的智慧》,戴汝,广西师范大学出版社,,1,235
J01050,《神奇的光：同步辐射》,冼鼎昌,湖南教育出版社,,1,43
J01051,《声学漫谈》,马大猷、杨训仁,湖南教育出版社,,1,256
J01052,《时间的脚印》,陶世龙,江苏教育出版社,,1,467
J01053,《世界科技发展史画库》,王建邦，朱正伦,江苏科学技术出版社,,1,32
J01054,《数学的明天》,张奠宙,广西教育出版社,,1,346
J01055,《数学与经济》,史树中,湖南教育出版社,,1,266
J01056,《衰老与抗衰老》,郑集,科学出版社,,1,523
J01057,《探索天空的奥秘》,王绶绾,广西师范大学出版社,,1,25
J01058,《天文学的明天》,李竞,广西教育出版社,,1,674
J01059,《通向信息世界的异端之路：维纳》,胡作玄,福建教育出版社,,1,78
J01060,《伟大的创举、精细的操作：基因工程》,盛祖嘉,湖南教育出版社,,1,77
J01061,《伟大心智的漫游：马赫》,李醒民,福建教育出版社,,1,44
J01062,《问天絮语》,王绶绾,湖南少年儿童出版社,,1,99
J01063,《无尽的追问》,王淦昌,湖南少年儿童出版社,,1,88
J01064,《现代科普教育读本》,顾冠群,江苏科学技术出版社,,1,342
J01065,《小小物理实验室：从小学动手》,赵孟杰,华夏出版社,,1,111
J01066,《玄机揭秘》,祝永华,科学普及出版社,,1,332
J01067,《音和光的世界：从小学思考》,钟国华,华夏出版社,,1,145
J01068,《宇宙博物馆》,格格热,天津教育出版社,,1,141
J01069,《原子和分子的观察与操纵》,白春礼,湖南教育出版社,,1,734
J01070,《猿猴王国》,华惠伦,江苏教育出版社,,1,115
J01071,《运动和力的世界：从小学观察》,钟国华,华夏出版社,,1,875
J01072,《植物世界拾奇》,汪劲武,湖南教育出版社,,1,998
J01073,《智慧的星光：诺贝尔自然科学奖获奖者文萃》,永丰余,经济日报出版社,,1,567
J01074,《走出混沌：近代化学的历程》,何法信,湖南教育出版社,,1,876
J01075,《最伟大的猎手阿拉斯加北极的爱斯基摩人》,位梦华,中国旅游出版社,,1,865
J01076,《21世纪少年儿童科学百科》,日本小学馆,浙江教育出版社,,1,55
J01077,《PCR传奇：一个生物技术的故事》,保罗·拉比诺,上海科技教育出版社,,1,19
J01078,《阿基米德的报复》,霍夫曼,中国对外翻译出版公司,,1,11
J01079,《百大发明》,红糖睿,上海科技教育出版社,,1,12
J01080,《超弦：一种包罗万象的理论》,戴维斯,中国对外翻译出版公司,,1,24
J01081,《超越计算》,邓宁·迈特卡菲,河北大学出版社,,1,27
J01082,《超越时空：通过平行宇宙、时间卷曲和第十维度的科学之旅》,加来道雄,上海科技教育出版社,,1,43
J01083,《创世纪与地质学》,吉利思俾,江西教育出版社,,1,65
J01084,《攻击的秘密》,康拉德·劳伦兹,中国和平出版社,,1,954
J01085,《混乱的联线》,普拉特,河北大学出版社,,1,83
J01086,《技术的报复：墨菲法则和事与愿违》,爱德华·特纳,上海科技教育出版社,,1,39
J01087,《经度》,戴瓦·索贝尔,海南出版社,,1,80
J01088,《惊人的假说：灵魂的科学探索》,弗朗西斯·克里克,江西教育出版社,,1,90
J01089,《科学与反科学》,霍尔顿,江西教育出版社,,1,30
J01090,《夸克与美洲豹》,M·盖尔曼,湖南科学技术出版社,,1,10
J01091,《你干吗在乎别人怎么想充满好奇心的费曼》,理查德·费曼,中国社会科学出版社,,1,40
J01092,《牛顿传》,理查德·韦斯特福尔,中国对外翻译出版公司,,1,20
J01093,《确定性的终结：时间、混沌与新自然法则》,伊利亚·普利高津,上海科技教育出版社,,1,69
J01094,《莎士比亚、牛顿和贝多芬：不同的创造模式》,S·钱德拉塞卡,湖南科学技术出版社,,1,50
J01095,《上帝与新物理学》,戴维斯,湖南科学技术出版社,,1,70
J01096,《生机勃勃的尘埃：地球生命的起源和进化》,克里斯蒂安·德迪夫,上海科技教育出版社,,1,80
J01097,《我们的国家公园》,约翰·缪尔,吉林人民出版社,,1,990
J01098,《生命共生的行星》,马古利斯,上海科学技术出版社,,1,577
J01099,《天才引导的历程》,威廉·邓纳姆,中国对外翻译出版公司,,1,33
J01100,《时间简史续编》,史蒂芬·霍金,湖南科学技术出版社,,1,33
K01101,蟹状星云和她的明珠,何香涛,湖南科学技术出版社,,1,137
K01102,环宇孤心,丹尼斯・奥弗比,中信出版社,,1,136
K01103,推销银河系的人-博克传,戴维.H.利维,上海科技教育出版社,,1,140
K01104,图说宇宙,莱曼·普林嘉,湖南科学技术出版社,,1,80
K01105,六个数,马丁·里斯,上海科学技术出版社,,1,105
K01106,宇宙学,爱德华·哈里森,世界图书出版公司,,1,108
K01107,宇宙最初三分钟,史蒂文.温伯格,中国对外翻译出版公司,,1,163
K01108,中国天文学会往事,江晓原 / 陈志辉,上海交通大学出版社,,1,69
K01109,登陆火星,史蒂夫·斯奎尔斯,中国宇航出版社,,1,196
K01110,紫金山天文台史,江晓原 / 吴燕,河北大学出版社,,1,194
K01111,天文学简史,G・伏古勒尔, 广西师范大学出版社,,1,51
K01112,第五元素,克劳斯,上海科学技术出版社,,1,158
K01113,宇宙飞弹:天体物理学中的高能粒子,罗杰·柯莱，布鲁斯·道森,江西教育出版社,,1,182
K01114,宇宙之海的涟漪：引力波探测,大卫.布莱尔,江西教育出版社,,1,70
K01115,量天,吉蒂·弗格森,北京大学出版社,,1,172
K01116,天遇, [罗] 弗洛林·迪亚库 / [美] 菲利普·霍尔姆斯,上海科技教育出版社,,1,104
K01117,星系与星际边缘,[美]威廉·H.沃勒 / [美]保罗·W.霍奇,外语教学与研究出版社,,1,153
K01118,恒星与行星的诞生,约翰·巴利 / 波·瑞普斯,湖南科学技术出版社,,1,182
K01119,无限远的边缘,Fulvio Melia,湖南科学技术出版社,,1,63
K01120,宇宙新视野,(美)C·C·皮特森、J·C·布兰特,湖南科学技术出版社,,1,166
K01121,物理天文学前沿,[英]F·霍伊尔 / [印]J·纳里卡, 湖南科学技术出版社,,1,200
K01122,千亿个太阳, [德] 鲁道夫·基彭哈恩,湖南科学技术出版社,,1,119
K01123,重返天文咖啡馆,施滕·奥登瓦尔德,上海科技教育出版社,,1,189
K01124,大宇宙百科全书,（英）约翰・格里宾,海南出版社,,1,189
K01125,天文学,M·L·库特纳,湖南科学技术出版社,,1,174
K01126,黑洞与时间弯曲, 基普.S.索恩,湖南科学技术出版社,,1,179
K01127,果壳中的宇宙,史蒂芬·霍金,湖南科学技术出版社,,1,126
K01128,时间简史,史蒂芬·霍金,湖南科学技术出版社,,1,74
K01129,天文学基础知识入门,苏山,北京工业大学出版社,,1,195
K01130,暗淡蓝点,卡尔·萨根,上海科技教育出版社,,1,90
K01131,宇宙,卡尔·萨根,吉林人民出版社,,1,72
K01132,通俗天文学,西蒙·纽康,陕西师范大学出版总社有限公司,,1,21
K01133,天文学基础知识丛书：天文学简史,陈久金,科学出版社,,1,26
K01134,中国恒星观测史, 潘鼐,学林出版社,,1,125
K01135,现代美国中小学实验系列:小学部分--天文学实验,伍德 著,现代出版社,,1,67
K01136,国际汉学经典译丛：南怀仁的 欧洲天文学,[比]南怀仁 ,大象出版社,,1,84
K01137,紫金山天文台史稿：中国天文学现代化个案,江晓原、吴燕, 山东教育出版社,,1,153
K01138,天文学与地球科学,迈克尔·汤普森 ,中国青年出版社,,1,182
K01139,实用天文学,夏坚白、陈永龄、王之卓,武汉大学出版社,,1,64
K01140,10000个科学难题·天文学卷,《“十一五”国家重点图书出版规划项目·10000个科学难题：天文学卷》编委会 编,科学出版社 ,,1,29
K01141,天文知识基础：你想知道的天文学（第2版）,姚建明,清华大学出版社,,1,167
K01142,蟹状星云和她的明珠（2）,何香涛,湖南科学技术出版社,,1,79
K01143,环宇孤心（2）,丹尼斯・奥弗比,中信出版社,,1,33
K01144,推销银河系的人-博克传（2）,戴维.H.利维,上海科技教育出版社,,1,135
K01145,图说宇宙（2）,莱曼·普林嘉,湖南科学技术出版社,,1,109
K01146,六个数（2）,马丁·里斯,上海科学技术出版社,,1,55
K01147,宇宙学（2）,爱德华·哈里森,世界图书出版公司,,1,122
K01148,宇宙最初三分钟（2）,史蒂文.温伯格,中国对外翻译出版公司,,1,66
K01149,中国天文学会往事（2）,江晓原 / 陈志辉,上海交通大学出版社,,1,124
K01150,登陆火星（2）,史蒂夫·斯奎尔斯,中国宇航出版社,,1,183
K01151,紫金山天文台史（2）,江晓原 / 吴燕,河北大学出版社,,1,181
K01152,天文学简史（2）,G・伏古勒尔, 广西师范大学出版社,,1,107
K01153,第五元素（2）,克劳斯,上海科学技术出版社,,1,74
K01154,宇宙飞弹:天体物理学中的高能粒子（2）,罗杰·柯莱，布鲁斯·道森,江西教育出版社,,1,174
K01155,宇宙之海的涟漪：引力波探测（2）,大卫.布莱尔,江西教育出版社,,1,24
K01156,量天（2）,吉蒂·弗格森,北京大学出版社,,1,53
K01157,天遇（2）, [罗] 弗洛林·迪亚库 / [美] 菲利普·霍尔姆斯,上海科技教育出版社,,1,120
K01158,星系与星际边缘（2）,[美]威廉·H.沃勒 / [美]保罗·W.霍奇,外语教学与研究出版社,,1,189
K01159,恒星与行星的诞生（2）,约翰·巴利 / 波·瑞普斯,湖南科学技术出版社,,1,167
K01160,无限远的边缘（2）,Fulvio Melia,湖南科学技术出版社,,1,192
K01161,宇宙新视野（2）,(美)C·C·皮特森、J·C·布兰特,湖南科学技术出版社,,1,110
K01162,物理天文学前沿（2）,[英]F·霍伊尔 / [印]J·纳里卡, 湖南科学技术出版社,,1,163
K01163,千亿个太阳（2）, [德] 鲁道夫·基彭哈恩,湖南科学技术出版社,,1,158
K01164,重返天文咖啡馆（2）,施滕·奥登瓦尔德,上海科技教育出版社,,1,48
K01165,大宇宙百科全书（2）,（英）约翰・格里宾,海南出版社,,1,189
K01166,天文学（2）,M·L·库特纳,湖南科学技术出版社,,1,195
K01167,黑洞与时间弯曲（2）, 基普.S.索恩,湖南科学技术出版社,,1,168
K01168,果壳中的宇宙（2）,史蒂芬·霍金,湖南科学技术出版社,,1,144
K01169,时间简史（2）,史蒂芬·霍金,湖南科学技术出版社,,1,72
K01170,天文学基础知识入门（2）,苏山,北京工业大学出版社,,1,164
K01171,暗淡蓝点（2）,卡尔·萨根,上海科技教育出版社,,1,132
K01172,宇宙（2）,卡尔·萨根,吉林人民出版社,,1,98
K01173,通俗天文学（2）,西蒙·纽康,陕西师范大学出版总社有限公司,,1,38
K01174,天文学基础知识丛书：天文学简史（2）,陈久金,科学出版社,,1,158
K01175,中国恒星观测史（2）, 潘鼐,学林出版社,,1,37
K01176,现代美国中小学实验系列:小学部分--天文学实验（2）,伍德 著,现代出版社,,1,110
K01177,国际汉学经典译丛：南怀仁的 欧洲天文学（2）,[比]南怀仁 ,大象出版社,,1,43
K01178,紫金山天文台史稿：中国天文学现代化个案（2）,江晓原、吴燕, 山东教育出版社,,1,94
K01179,天文学与地球科学（2）,迈克尔·汤普森 ,中国青年出版社,,1,175
K01180,实用天文学（2）,夏坚白、陈永龄、王之卓,武汉大学出版社,,1,113
K01181,10000个科学难题·天文学卷（2）,《“十一五”国家重点图书出版规划项目·10000个科学难题：天文学卷》编委会 编,科学出版社 ,,1,51
K01182,天文知识基础：你想知道的天文学（第2版）（2）,姚建明,清华大学出版社,,1,108
K01183,美国初中主流理科教材·科学探索者：天文学（第3版）,[美]帕迪利亚 著,浙江教育出版社,,1,77
K01184,拥抱群星 与青少年一同走进天文学,卞毓麟,上海科学普及出版社,,1,70
K01185,易学与天文学,卢央,中国书店 ,,1,24
K01186,中国古代天文学词典,徐振韬,中国科学技术出版社,,1,65
K01187,简明天文学教程,余明,科学出版社 ,,1,134
K01188,天文学的100个基本问题,刘孝贤,山西科学技术出版社,,1,51
K01189,中国大百科全书.天文学,姜椿芳,中国大百科全书出版社,,1,191
K01190,哥白尼革命：西方思想发展中的行星天文学,托马斯·库恩,北京大学出版社,,1,134
K01191,万用天文学,唐纳德·奥尔森,浙江大学出版社,,1,132
K01192,美国初中主流理科教材·科学探索者：天文学（第3版）（2）,[美]帕迪利亚 著,浙江教育出版社,,1,149
K01193,拥抱群星 与青少年一同走进天文学（2）,卞毓麟,上海科学普及出版社,,1,113
K01194,易学与天文学（2）,卢央,中国书店 ,,1,64
K01195,中国古代天文学词典（2）,徐振韬,中国科学技术出版社,,1,166
K01196,简明天文学教程（2）,余明,科学出版社 ,,1,127
K01197,天文学的100个基本问题（2）,刘孝贤,山西科学技术出版社,,1,59
K01198,中国大百科全书.天文学（2）,姜椿芳,中国大百科全书出版社,,1,142
K01199,哥白尼革命：西方思想发展中的行星天文学（2）,托马斯·库恩,北京大学出版社,,1,38
K01200,万用天文学（2）,唐纳德·奥尔森,浙江大学出版社,,1,111
