张三,男,18,202003140001,旅游商贸,旅游管理,77ssad,,
李四,男,19,202003140002,旅游商贸,旅游管理,add222,,
王五,男,20,202003140003,旅游商贸,旅游管理,adffe2,,
吴用,男,17,202003140004,旅游商贸,旅游管理,addfw1,,
文风,男,18,202003140005,旅游商贸,旅游管理,aadee2,,
李凡,男,18,202003140006,旅游商贸,旅游管理,afsss1,,
张君,男,18,202003140007,旅游商贸,旅游管理,dsfdfe3,,
张纬,男,17,202003140008,旅游商贸,旅游管理,wdefef1,,
张宝庆,男,19,202003140009,旅游商贸,旅游管理,sadeew1,,
李典,男,21,202003140010,旅游商贸,旅游管理,sfreavfe3,,
李志超,男,20,202003140011,旅游商贸,旅游管理,dfeedew2,,
李自成,男,20,202003140012,旅游商贸,旅游管理,dssdsad1,,
王绪,男,20,202003140013,旅游商贸,旅游管理,dsfdfe3,,
李逍遥,男,22,202003140014,旅游商贸,旅游管理,dsdwfef2,,
王飞,男,20,202003140015,旅游商贸,旅游管理,sfreavfe3,,
王宝强,男,21,202003140016,旅游商贸,旅游管理,efwea44,,
李自顾,男,21,202003140017,旅游商贸,旅游管理,daskuu77,,
李泷,男,21,202003140018,旅游商贸,旅游管理,ghhyt77,,
汪苏泷,男,20,202003140019,旅游商贸,旅游管理,jyytyt5,,
温恩,男,22,202003140020,旅游商贸,旅游管理,rthyju5,,
王囍,男,20,202003140021,旅游商贸,旅游管理,rthyju5,,
汪绪,男,20,202003140022,旅游商贸,旅游管理,rhhtr42,,
汪旭东,男,20,202003140023,旅游商贸,旅游管理,333gede,,
王发,男,22,202003140024,旅游商贸,旅游管理,greeer4,,
章旺,男,21,202003140025,旅游商贸,旅游管理,eewb31,,
章小倩,女,19,202003140026,旅游商贸,酒店管理,ewrwr2,,
大概,女,19,202003140027,旅游商贸,酒店管理,tewrwe23,,
章彤彤,女,18,202003140028,旅游商贸,酒店管理,reeeeeet2,,
李佳美,女,19,202003140029,旅游商贸,酒店管理,weewr2,,
李梅,女,18,202003140030,旅游商贸,酒店管理,htrew222,,
张莉莉,女,21,202003140031,旅游商贸,酒店管理,rgger444,,
张霞,女,21,202003140032,旅游商贸,酒店管理,dgeght3,,
张夏丽,女,20,202003140033,旅游商贸,酒店管理,efwea424,,
张童彤,女,20,202003140034,旅游商贸,酒店管理,wfer232,,
张肖霞,女,18,202003140035,旅游商贸,酒店管理,wreqq21,,
吴梅梅,女,21,202003140036,旅游商贸,酒店管理,fwfwerg44,,
吴宝美,女,17,202003140037,旅游商贸,酒店管理,egrre33,,
吴曦凤,女,17,202003140038,旅游商贸,酒店管理,gegre44,,
汪彤彤,女,18,202003140039,旅游商贸,酒店管理,freaa11,,
王霞,女,19,202003140040,旅游商贸,酒店管理,3frghhh,,
李霞曦,女,18,202003140041,旅游商贸,酒店管理,wfawaa22,,
吴芳霞,女,17,202003140042,旅游商贸,酒店管理,rteea99,,
李美玲,女,18,202003140043,旅游商贸,酒店管理,rwdawa22,,
李梅玲,女,18,202003140044,旅游商贸,酒店管理,shrwwwdq22,,
李美梦,女,19,202003140045,旅游商贸,酒店管理,fewafe898,,
李梅彤,女,19,202003140046,旅游商贸,酒店管理,hrrs444,,
王肖玉,女,19,202003140047,旅游商贸,酒店管理,agawaea22,,
吴嘉,女,17,202003140048,旅游商贸,酒店管理,ggth333,,
田欣欣,女,17,202003140049,旅游商贸,酒店管理,safe333,,
李鑫欣,女,17,202003140050,旅游商贸,酒店管理,sda333,,
李文轩,男,21,202003140051,茶艺文化,茶加工,ssdfgth33,,
张文旭,男,21,202003140052,茶艺文化,茶加工,sagewwe33,,
李文成,男,21,202003140053,茶艺文化,茶加工,sfsd333,,
李温驯,男,21,202003140054,茶艺文化,茶加工,fdsavby88,,
李文龙,男,21,202003140055,茶艺文化,茶加工,jmjf888,,
李云龙,男,21,202003140056,茶艺文化,茶加工,dftdtft666,,
李佰,男,21,202003140057,茶艺文化,茶加工,fdhfg666,,
李浅陌,男,21,202003140058,茶艺文化,茶加工,gddssd66,,
王风,男,21,202003140059,茶艺文化,茶加工,eewdwe222,,
王基,男,21,202003140060,茶艺文化,茶加工,yhhd555,,
李白,男,21,202003140061,茶艺文化,茶加工,dwfgr44,,
关绪,男,21,202003140062,茶艺文化,茶加工,htyt566,,
关白,男,21,202003140063,茶艺文化,茶加工,jjytd7778,,
白方,男,21,202003140064,茶艺文化,茶加工,gfggffgh99,,
李飞,男,21,202003140065,茶艺文化,茶加工,gfj6654,,
王掰,男,21,202003140066,茶艺文化,茶加工,fgjhfj86,,
李龙,男,21,202003140067,茶艺文化,茶加工,dfhytre77,,
李自发,男,21,202003140068,茶艺文化,茶加工,reyyt888,,
李宝典,男,21,202003140069,茶艺文化,茶加工,rukiuyhyt65,,
王旭,男,21,202003140070,茶艺文化,茶加工,gdr666,,
王龙,男,21,202003140071,茶艺文化,茶加工,tyeryytr54,,
王强,男,21,202003140072,茶艺文化,茶加工,trerh3245,,
王角,男,21,202003140073,茶艺文化,茶加工,thter4544,,
旺熏,男,21,202003140074,茶艺文化,茶加工,rrere44,,
吴奇正,男,21,202003140075,茶艺文化,茶加工,wer211,,
白镇,男,21,202003140076,茶艺文化,茶文化,ybyyy6,,
白式,男,21,202003140077,茶艺文化,茶文化,uyu7776,,
李钧,男,21,202003140078,茶艺文化,茶文化,jyjyt655,,
方白,男,21,202003140079,茶艺文化,茶文化,rter333,,
方斐讯,男,21,202003140080,茶艺文化,茶文化,gatgry777,,
方彤,女,18,202003140081,茶艺文化,茶文化,ryuj887,,
李雪,女,17,202003140082,茶艺文化,茶文化,tyh4678,,
方白雪,女,17,202003140083,茶艺文化,茶文化,reeeeeet29,,
张肖欣,女,18,202003140084,茶艺文化,茶文化,rtyu245,,
张续,女,18,202003140085,茶艺文化,茶文化,ryuj8887,,
张煦,女,17,202003140086,茶艺文化,茶文化,ewty54,,
韩寒,女,17,202003140087,茶艺文化,茶文化,trtyrr123,,
韩煦,女,18,202003140088,茶艺文化,茶文化,trerh325,,
韩许,女,18,202003140089,茶艺文化,茶文化,uyyu000,,
韩资,女,19,202003140090,茶艺文化,茶文化,uytr666,,
韩雪,女,19,202003140091,茶艺文化,茶文化,reert533,,
韩梅,女,18,202003140092,茶艺文化,茶文化,gty593,,
郭美玲,女,17,202003140093,茶艺文化,茶文化,ewty5444,,
郭百,女,19,202003140094,茶艺文化,茶文化,tyt126,,
王柏欣,女,18,202003140095,茶艺文化,茶文化,uytr67766,,
李梓萱,女,18,202003140096,茶艺文化,茶文化,trerr4422,,
吴昕,女,19,202003140097,茶艺文化,茶文化,tyfty089,,
李梅,女,19,202003140098,茶艺文化,茶文化,ytrdr45,,
张美英,女,18,202003140099,茶艺文化,茶文化,etyr543,,
张美玉,女,19,202003140100,茶艺文化,茶文化,okm889,,
王强,男,17,202003140101,电子商务,电商,htrr123,,
王资,男,21,202003140102,电子商务,电商,rtyr433,,
王霸,男,21,202003140103,电子商务,电商,eee444,,
王鑫,男,21,202003140104,电子商务,电商,www3543,,
王子机,男,21,202003140105,电子商务,电商,www333,,
王万孚,男,22,202003140106,电子商务,电商,jwjwu291,,
规格3,男,21,202003140107,电子商务,电商,232ccc,,
王嘘,男,22,202003140108,电子商务,电商,grh6666,,
白鑫,男,22,202003140109,电子商务,电商,hyj6633,,
关艺龙,男,22,202003140110,电子商务,电商,5555ttt,,
郭德纲,男,22,202003140111,电子商务,电商,ewesg32,,
郭鑫欣,男,21,202003140112,电子商务,电商,sfgh333,,
白志新,男,21,202003140113,电子商务,电商,trjyyh999,,
方无尘,男,21,202003140114,电子商务,电商,iuyrt399,,
方耀东,男,22,202003140115,电子商务,电商,reyr938,,
王万兴,男,22,202003140116,电子商务,电商,erte333,,
王子龙,男,22,202003140117,电子商务,电商,evtmmn1,,
张三丰,男,21,202003140118,电子商务,电商,mnbvm8,,
张枉,男,21,202003140119,电子商务,电商,mbmh7,,
王星越,男,21,202003140120,电子商务,电商,mvcgf9,,
方桐梓,男,21,202003140121,电子商务,电商,tyrtv567,,
方芳芳,男,21,202003140122,电子商务,电商,cgfdgdr8,,
方童心,男,22,202003140123,电子商务,电商,yudrx086,,
王冰冰,男,18,202003140124,电子商务,电商,ydtr789,,
王紫馨,男,17,202003140125,电子商务,电商,vnm678,,
王紫涵,男,19,202003140126,电子商务,电商,zxdf453,,
李慧敏,男,19,202003140127,电子商务,电商,kkohugy07,,
李慧寐,男,22,202003140128,电子商务,电商,mbnyut97,,
李佳佳,男,21,202003140129,电子商务,电商,nmvn777,,
吴美美,男,21,202003140130,电子商务,电商,zsert345,,
王贝贝,女,17,202003140131,电子商务,网店运营,zfehfg333,,
白美媚,女,19,202003140132,电子商务,网店运营,mbhuj333,,
二哥探,女,18,202003140133,电子商务,网店运营,bhjxz443,,
李紫欣,女,17,202003140134,电子商务,网店运营,rywe135,,
吴梓欣,女,18,202003140135,电子商务,网店运营,fdtreer177,,
李紫薇,女,19,202003140136,电子商务,网店运营,rytree07656,,
李紫婷,女,19,202003140137,电子商务,网店运营,urtyr54,,
王子怡,女,17,202003140138,电子商务,网店运营,ereret257,,
王梓欣,女,19,202003140139,电子商务,网店运营,eww245,,
李梓欣,女,18,202003140140,电子商务,网店运营,thter4544,,
田梓欣,女,19,202003140141,电子商务,网店运营,etq214,,
田西宁,女,17,202003140142,电子商务,网店运营,trt99,,
张桐梓,女,19,202003140143,电子商务,网店运营,erwt364,,
张彤彤,女,21,202003140144,电子商务,网店运营,fewafe898,,
张童,女,22,202003140145,电子商务,网店运营,dfrret345,,
张雨琦,女,21,202003140146,电子商务,网店运营,gere9007,,
张佳美,女,21,202003140147,电子商务,网店运营,reewr136,,
张呗呗,女,21,202003140148,电子商务,网店运营,g437fdg,,
张晓宇,女,18,202003140149,电子商务,网店运营,wrfg245,,
李霖霖,女,19,202003140150,电子商务,网店运营,thw46,,
罗志祥,男,19,202003140151,计算机网络,计算机网络技术,rfrge114,,
吴亦凡,男,22,202003140152,计算机网络,计算机网络技术,grts324,,
李眺,男,21,202003140153,计算机网络,计算机网络技术,ewesg32,,
田扬,男,21,202003140154,计算机网络,计算机网络技术,tr4y54,,
田杨,男,21,202003140155,计算机网络,计算机网络技术,etreq11,,
李星辰,男,21,202003140156,计算机网络,计算机网络技术,eheh22,,
阡陌,男,21,202003140157,计算机网络,计算机网络技术,123gh,,
张佰,男,21,202003140158,计算机网络,计算机网络技术,fdwew35,,
张骏,男,21,202003140159,计算机网络,计算机网络技术,yrytr889,,
林申,男,22,202003140160,计算机网络,计算机网络技术,grrewee66,,
林寐,男,22,202003140161,计算机网络,计算机网络技术,reeter88,,
林子阳,男,22,202003140162,计算机网络,计算机网络技术,erte66,,
林志,男,22,202003140163,计算机网络,计算机网络技术,dfrr878,,
林凯,男,21,202003140164,计算机网络,计算机网络技术,thtyt99,,
林哲,男,21,202003140165,计算机网络,计算机网络技术,trytryt33,,
白龙,男,22,202003140166,计算机网络,计算机网络技术,eewwe22,,
林海,男,22,202003140167,计算机网络,计算机网络技术,ereret257,,
林俊杰,男,22,202003140168,计算机网络,计算机网络技术,ergre12,,
张杰,男,21,202003140169,计算机网络,计算机网络技术,eyftghf99,,
范德,男,21,202003140170,计算机网络,计算机网络技术,tyrytrr88,,
王智,男,22,202003140171,计算机网络,计算机网络技术,rewtret3345,,
王柏,男,21,202003140172,计算机网络,计算机网络技术,rrere44,,
王军,男,21,202003140173,计算机网络,计算机网络技术,fdsdfh3434,,
林白,男,21,202003140174,计算机网络,计算机网络技术,fggd88,,
林龙,男,21,202003140175,计算机网络,计算机网络技术,ggfd343,,
林飞,男,21,202003140176,计算机网络,计算机网络技术,dsdfgd43,,
李逵,男,21,202003140177,计算机网络,计算机网络技术,fdgfd56,,
李宝,男,21,202003140178,计算机网络,计算机网络技术,tefsfds443,,
张宝,男,20,202003140179,计算机网络,计算机网络技术,fdsfds43,,
李桐,女,22,202003140180,计算机网络,艺术设计,sfd223,,
李婷婷,女,19,202003140181,计算机网络,艺术设计,dssd33,,
张雯婷,女,19,202003140182,计算机网络,艺术设计,efs332,,
林美美,女,18,202003140183,计算机网络,艺术设计,faewa2234,,
林彤彤,女,17,202003140184,计算机网络,艺术设计,fdsfdsd122,,
林志玲,女,18,202003140185,计算机网络,艺术设计,sdffa245,,
徐志玲,女,19,202003140186,计算机网络,艺术设计,fdsfd456,,
徐林玲,女,17,202003140187,计算机网络,艺术设计,dgd996,,
张美美,女,18,202003140188,计算机网络,艺术设计,efdsh99,,
张晓燕,女,18,202003140189,计算机网络,艺术设计,dfds436,,
李琳琳,女,18,202003140190,计算机网络,艺术设计,dgf34335,,
曹琳琳,女,18,202003140191,计算机网络,艺术设计,ewfdsa456,,
曹音祺,女,19,202003140192,计算机网络,艺术设计,fadsa3355,,
张尔祺,女,21,202003140193,计算机网络,艺术设计,fdds325,,
曹莹,女,21,202003140194,计算机网络,艺术设计,fdser85,,
李朵朵,女,22,202003140195,计算机网络,艺术设计,fds7532,,
张静雯,女,22,202003140196,计算机网络,艺术设计,dsfds654,,
徐晓,女,22,202003140197,计算机网络,艺术设计,dsff35335,,
李晶晶,女,21,202003140198,计算机网络,艺术设计,gdsdfs435,,
张晓静,女,21,202003140199,计算机网络,艺术设计,3dsfsdfd,,
张晓,女,21,202003140200,计算机网络,艺术设计,dfds4343,,
苗眉,男,21,202003140201,茶业系,茶业,123,,
施天春,女,21,202003140202,网络系,计算机网络,124,,
吕苑,男,21,202003140203,艺术系,艺术,125,,
戚树平,女,21,202003140204,网络系,电商,126,,
卫婉,男,21,202003140205,商业系,商务贸易,127,,
陈春喜,女,21,202003140206,外语系,英语,128,,
卫凯敏,男,21,202003140207,外语系,语言外贸,129,,
沈惠,女,21,202003140208,茶业系,茶业,130,,
韩蓓,男,21,202003140209,网络系,计算机网络,131,,
严丹,女,21,202003140210,艺术系,艺术,132,,
周婷,男,21,202003140211,网络系,电商,133,,
陶园,女,21,202003140212,商业系,茶业,134,,
冯琰,男,21,202003140213,外语系,计算机网络,135,,
朱君,女,21,202003140214,外语系,艺术,136,,
吴倩,男,21,202003140215,茶业系,电商,137,,
秦莉莎,女,21,202003140216,网络系,商务贸易,138,,
华树平,男,21,202003140217,艺术系,英语,139,,
戚尔珍,女,21,202003140218,网络系,语言外贸,140,,
沈惜雪,男,21,202003140219,商业系,茶业,141,,
褚之念,女,21,202003140220,外语系,计算机网络,142,,
吕晓磊,男,21,202003140221,外语系,艺术,143,,
褚莉莎,女,21,202003140222,茶业系,电商,144,,
范婷婷,男,21,202003140223,网络系,茶业,145,,
施雪萍,女,21,202003140224,艺术系,计算机网络,146,,
蒋婷,男,21,202003140225,网络系,艺术,147,,
冯嘎妹,女,21,202003140226,商业系,电商,148,,
王纨,男,21,202003140227,外语系,商务贸易,149,,
冯显丽,女,21,202003140228,外语系,英语,150,,
陈睿敏,男,21,202003140229,茶业系,语言外贸,151,,
李傲文,女,21,202003140230,网络系,茶业,152,,
施玉晶,男,21,202003140231,艺术系,计算机网络,153,,
孙枝,女,21,202003140232,网络系,艺术,154,,
沈育,男,21,202003140233,茶业系,电商,155,,
韩美娟,女,21,202003140234,网络系,茶业,156,,
钱忠娇,男,21,202003140235,艺术系,计算机网络,157,,
孙有菊,女,21,202003140236,网络系,艺术,158,,
余亦寒,男,21,202003140237,商业系,电商,159,,
郑念,女,21,202003140238,外语系,商务贸易,160,,
杨英,男,21,202003140239,外语系,英语,161,,
蒋红燕,女,21,202003140240,茶业系,语言外贸,162,,
华昭东,男,21,202003140241,网络系,茶业,163,,
冯元群,女,21,202003140242,艺术系,计算机网络,164,,
韩尔珍,男,21,202003140243,网络系,艺术,165,,
尤迎曼,女,21,202003140244,商业系,电商,166,,
蒋彩艳,男,21,202003140245,外语系,茶业,167,,
张海燕,女,21,202003140246,外语系,计算机网络,168,,
何水云,男,21,202003140247,茶业系,艺术,169,,
吕洪丽,女,21,202003140248,网络系,电商,170,,
严羽,男,21,202003140249,艺术系,商务贸易,171,,
李园,女,21,202003140250,网络系,英语,172,,
戚涵菡,男,21,202003140251,商业系,语言外贸,173,,
韩融,女,21,202003140252,外语系,茶业,174,,
朱之念,男,21,202003140253,外语系,计算机网络,175,,
杨翠安,女,21,202003140254,茶业系,艺术,176,,
朱月珍,男,21,202003140255,网络系,电商,177,,
朱丹珍,女,21,202003140256,艺术系,茶业,178,,
水树平,男,21,202003140257,网络系,计算机网络,179,,
魏静,女,21,202003140258,商业系,艺术,180,,
赵冰露,男,21,202003140259,外语系,电商,181,,
秦宗莉,女,21,202003140260,外语系,商务贸易,182,,
秦妙海,男,21,202003140261,茶业系,英语,183,,
张婷,女,21,202003140262,网络系,语言外贸,184,,
何名媛,男,21,202003140263,艺术系,茶业,185,,
朱亚,女,21,202003140264,网络系,计算机网络,186,,
蒋花长,男,21,202003140265,茶业系,艺术,187,,
冯寻南,女,21,202003140266,网络系,电商,188,,
郑勤,男,21,202003140267,艺术系,茶业,189,,
何琰,女,21,202003140268,网络系,计算机网络,190,,
姜菜玲,男,21,202003140269,商业系,艺术,191,,
杨丽丽,女,21,202003140270,外语系,电商,192,,
施夏梅,男,21,202003140271,外语系,商务贸易,193,,
张名媛,女,21,202003140272,茶业系,英语,194,,
缪艳,男,21,202003140273,网络系,语言外贸,195,,
孙珍,女,21,202003140274,艺术系,茶业,196,,
严胜珍,男,21,202003140275,网络系,计算机网络,197,,
施晓,女,21,202003140276,商业系,艺术,198,,
蒋冰露,男,21,202003140277,外语系,电商,199,,
魏寒,女,21,202003140278,外语系,茶业,200,,
魏青,男,21,202003140279,茶业系,计算机网络,201,,
施凯敏,女,21,202003140280,网络系,艺术,202,,
赵阳涌,男,21,202003140281,艺术系,电商,203,,
魏雅瑄,女,21,202003140282,网络系,商务贸易,204,,
蒋向萍,男,21,202003140283,商业系,英语,205,,
吕丽丽,女,21,202003140284,外语系,语言外贸,206,,
卫火英,男,21,202003140285,外语系,茶业,207,,
曹慧娟,女,21,202003140286,茶业系,计算机网络,208,,
孙昌菊,男,21,202003140287,网络系,艺术,209,,
奚莉,女,21,202003140288,艺术系,电商,210,,
赵锦,男,21,202003140289,网络系,茶业,211,,
许瑞,女,21,202003140290,商业系,计算机网络,212,,
戚飘,男,21,202003140291,外语系,艺术,213,,
葛亦瑶,女,21,202003140292,外语系,电商,214,,
褚姬,男,21,202003140293,茶业系,商务贸易,215,,
何欣淼,女,21,202003140294,网络系,英语,216,,
曹清怡,男,21,202003140295,艺术系,语言外贸,217,,
戚乐之,女,21,202003140296,网络系,茶业,218,,
陶婷,男,21,202003140297,茶业系,计算机网络,219,,
沈舒,女,21,202003140298,网络系,艺术,220,,
尤功碧,男,21,202003140299,艺术系,电商,221,,
张春喜,女,21,202003140300,网络系,茶业,222,,
秦婷,男,21,202003140301,商业系,计算机网络,223,,
施巧丽,女,21,202003140302,外语系,艺术,224,,
陈胜珍,男,21,202003140303,外语系,电商,225,,
蒋琴,女,21,202003140304,茶业系,商务贸易,226,,
陈聪,男,21,202003140305,网络系,英语,227,,
施大芬,女,21,202003140306,艺术系,语言外贸,228,,
钱秀丽,男,21,202003140307,网络系,茶业,229,,
孔珊,女,21,202003140308,商业系,计算机网络,230,,
章银姣,男,21,202003140309,外语系,艺术,231,,
陶思,女,21,202003140310,外语系,电商,232,,
魏平夏,男,21,202003140311,茶业系,茶业,233,,
严丽,女,21,202003140312,网络系,计算机网络,234,,
杨松,男,21,202003140313,艺术系,艺术,235,,
王侦,女,21,202003140314,网络系,电商,236,,
卫寻南,男,21,202003140315,商业系,商务贸易,237,,
杨乐,女,21,202003140316,外语系,英语,238,,
傅有菊,男,21,202003140317,外语系,语言外贸,239,,
卫艺,女,21,202003140318,茶业系,茶业,240,,
赵瑞进,男,21,202003140319,网络系,计算机网络,241,,
韩敏,女,21,202003140320,艺术系,艺术,242,,
韩计香,男,21,202003140321,网络系,电商,243,,
谢佳玲,女,21,202003140322,商业系,茶业,244,,
蒋芳,男,21,202003140323,外语系,计算机网络,245,,
尤甜,女,21,202003140324,外语系,艺术,246,,
郑婷,男,21,202003140325,茶业系,电商,247,,
陶柳,女,21,202003140326,网络系,商务贸易,248,,
沈睿婕,男,21,202003140327,艺术系,英语,249,,
韩馨语,女,21,202003140328,网络系,语言外贸,250,,
沈大芬,男,21,202003140329,茶业系,茶业,251,,
周大芬,女,21,202003140330,网络系,计算机网络,252,,
陈秋,男,21,202003140331,艺术系,艺术,253,,
金夏青,女,21,202003140332,网络系,电商,254,,
华翠安,男,21,202003140333,商业系,茶业,255,,
卫婵,女,21,202003140334,外语系,计算机网络,256,,
周高彭,男,21,202003140335,外语系,艺术,257,,
王璧,女,21,202003140336,茶业系,电商,258,,
曹瑶,男,21,202003140337,网络系,商务贸易,259,,
韩梦娇,女,21,202003140338,艺术系,英语,260,,
张静,男,21,202003140339,网络系,语言外贸,261,,
金之念,女,21,202003140340,商业系,茶业,262,,
魏柔,男,21,202003140341,外语系,计算机网络,263,,
赵昌菊,女,21,202003140342,外语系,艺术,264,,
陈静,男,21,202003140343,茶业系,电商,265,,
朱荷,女,21,202003140344,网络系,茶业,266,,
许大芬,男,21,202003140345,艺术系,计算机网络,267,,
伊娟,女,21,202003140346,网络系,艺术,268,,
施燕,男,21,202003140347,商业系,电商,269,,
郑莺,女,21,202003140348,外语系,商务贸易,270,,
褚乐萱,男,21,202003140349,外语系,英语,271,,
郑春燕,女,21,202003140350,茶业系,语言外贸,272,,
吴瑶,男,21,202003140351,网络系,茶业,273,,
通显,女,21,202003140352,艺术系,计算机网络,274,,
周眉,男,21,202003140353,网络系,艺术,275,,
孔盼夏,女,21,202003140354,商业系,电商,276,,
周兴怡,男,21,202003140355,外语系,茶业,277,,
蒋明露,女,21,202003140356,外语系,计算机网络,278,,
华秋菊,男,21,202003140357,茶业系,艺术,279,,
金姚,女,21,202003140358,网络系,电商,280,,
严二丫,男,21,202003140359,艺术系,商务贸易,281,,
华幻波,女,21,202003140360,网络系,英语,282,,
陈幻波,男,21,202003140361,茶业系,语言外贸,283,,
韩冷安,女,21,202003140362,网络系,茶业,284,,
李莎,男,21,202003140363,艺术系,计算机网络,285,,
朱绮菱,女,21,202003140364,网络系,艺术,286,,
沈亚萍,男,21,202003140365,商业系,电商,287,,
冯秋荣,女,21,202003140366,外语系,茶业,288,,
沈兴怡,男,21,202003140367,外语系,计算机网络,289,,
水霄,女,21,202003140368,茶业系,艺术,290,,
戚冰露,男,21,202003140369,网络系,电商,291,,
秦忠娇,女,21,202003140370,艺术系,商务贸易,292,,
冯秀娟,男,21,202003140371,网络系,英语,293,,
金瑞进,女,21,202003140372,商业系,语言外贸,294,,
严沛文,男,21,202003140373,外语系,茶业,295,,
冯冬灵,女,21,202003140374,外语系,计算机网络,296,,
魏大芬,男,21,202003140375,茶业系,艺术,297,,
韩惜雪,女,21,202003140376,网络系,电商,298,,
沈优优,男,21,202003140377,艺术系,茶业,299,,
张冬灵,女,21,202003140378,网络系,计算机网络,300,,
何悦明,男,21,202003140379,商业系,艺术,301,,
殷厚菊,女,21,202003140380,外语系,电商,302,,
卫江霞,男,21,202003140381,外语系,商务贸易,303,,
吴彩菊,女,21,202003140382,茶业系,英语,304,,
陈灵竹,男,21,202003140383,网络系,语言外贸,305,,
何贞,女,21,202003140384,艺术系,茶业,306,,
周鑫月,男,21,202003140385,网络系,计算机网络,307,,
曹聪,女,21,202003140386,商业系,艺术,308,,
吕馨语,男,21,202003140387,外语系,电商,309,,
尤计香,女,21,202003140388,外语系,茶业,310,,
赵紫君,男,21,202003140389,茶业系,计算机网络,311,,
吕江霞,女,21,202003140390,网络系,艺术,312,,
施芸,男,21,202003140391,艺术系,电商,313,,
金宗莉,女,21,202003140392,网络系,商务贸易,314,,
华春燕,男,21,202003140393,茶业系,英语,315,,
韩世兰,女,21,202003140394,网络系,语言外贸,316,,
尤琼,男,21,202003140395,艺术系,茶业,317,,
时夏梅,女,21,202003140396,网络系,计算机网络,318,,
孔雪萍,男,21,202003140397,商业系,艺术,319,,
费瑶,女,21,202003140398,外语系,电商,320,,
吕慧娟,男,21,202003140399,外语系,茶业,321,,
许怡,女,21,202003140400,茶业系,计算机网络,322,,
张吉淮,男,19,202003140401,旅游商贸,旅游管理,avb123451,,
林国瑞,男,18,202003140402,旅游商贸,旅游管理,avb123452,,
林文书,男,19,202003140403,旅游商贸,旅游管理,avb123453,,
林雅楠,男,20,202003140404,旅游商贸,旅游管理,avb123454,,
江易,男,19,202003140405,旅游商贸,旅游管理,avb123455,,
刘泊宏,男,18,202003140406,旅游商贸,旅游管理,avb123456,,
阮剑安,男,18,202003140407,旅游商贸,旅游管理,avb123457,,
林子帆,男,18,202003140408,旅游商贸,旅游管理,avb123458,,
夏志豪,男,18,202003140409,旅游商贸,旅游管理,avb123459,,
吉茹定,女,18,202003140410,旅游商贸,旅游管理,avb123460,,
李中冰,女,18,202003140411,旅游商贸,旅游管理,avb123461,,
黄文隆,男,18,202003140412,旅游商贸,旅游管理,avb123462,,
谢彦文,男,18,202003140413,旅游商贸,旅游管理,avb123463,,
富志祥,男,18,202003140414,旅游商贸,旅游管理,avb123464,,
洪振夏,男,18,202003140415,旅游商贸,旅游管理,avb123465,,
刘子仪,女,18,202003140416,旅游商贸,旅游管理,avb123466,,
荣子康,女,18,202003140417,旅游商贸,旅游管理,avb123467,,
吕雉,女,18,202003140418,旅游商贸,旅游管理,avb123468,,
方一,男,18,202003140419,旅游商贸,旅游管理,avb123469,,
黎明云,女,18,202003140420,旅游商贸,旅游管理,avb123470,,
郑伊月,女,18,202003140421,旅游商贸,旅游管理,avb123471,,
雷林,男,18,202003140422,旅游商贸,旅游管理,avb123472,,
吴美游,女,20,202003140423,旅游商贸,酒店管理,avb123473,,
李雅寺,女,20,202003140424,旅游商贸,酒店管理,avb123474,,
陈文婷,女,20,202003140425,旅游商贸,酒店管理,avb123475,,
吴美与,女,20,202003140426,旅游商贸,酒店管理,avb123476,,
林家纶,男,20,202003140427,旅游商贸,酒店管理,avb123477,,
王依婷,女,20,202003140428,旅游商贸,酒店管理,avb123478,,
黄丽昆,男,19,202003140429,旅游商贸,酒店管理,avb123479,,
张孟涵,女,18,202003140430,旅游商贸,酒店管理,avb123480,,
黄文旺,男,18,202003140431,旅游商贸,酒店管理,avb123481,,
黄圣玖,男,18,202003140432,旅游商贸,酒店管理,avb123482,,
杨佩芳,女,18,202003140433,旅游商贸,酒店管理,avb123483,,
郑梦昌,女,18,202003140434,旅游商贸,酒店管理,avb123484,,
曹敏尤,男,18,202003140435,旅游商贸,酒店管理,avb123485,,
吴韵,女,18,202003140436,旅游商贸,酒店管理,avb123486,,
张虹纶,男,18,202003140437,旅游商贸,酒店管理,avb123487,,
陈婉旋,女,18,202003140438,旅游商贸,酒店管理,avb123488,,
李雅慧,女,18,202003140439,旅游商贸,酒店管理,avb123489,,
周琼文,女,18,202003140440,旅游商贸,酒店管理,avb123490,,
李成白,男,18,202003140441,旅游商贸,酒店管理,avb123491,,
舒绿,男,18,202003140442,旅游商贸,酒店管理,avb123492,,
丁汉郑,男,18,202003140443,旅游商贸,酒店管理,avb123493,,
吴佳瑞,男,18,202003140444,旅游商贸,酒店管理,avb123494,,
李钰泉,女,18,202003140445,旅游商贸,酒店管理,avb123495,,
邓诗琪,女,18,202003140446,旅游商贸,酒店管理,avb123496,,
王恩隆,男,18,202003140447,旅游商贸,酒店管理,avb123497,,
李小爱,女,18,202003140448,旅游商贸,酒店管理,avb123498,,
吴思涵,女,18,202003140449,旅游商贸,酒店管理,avb123499,,
邓海来,男,18,202003140450,旅游商贸,酒店管理,avb123500,,
许知,女,19,202003140451,茶艺文化,茶艺与茶叶,avb123501,,
朱政研,男,18,202003140452,茶艺文化,茶艺与茶叶,avb123502,,
阮芯学,女,19,202003140453,茶艺文化,茶艺与茶叶,avb123503,,
吴思韩,女,19,202003140454,茶艺文化,茶艺与茶叶,avb123504,,
李建志,男,18,202003140455,茶艺文化,茶艺与茶叶,avb123505,,
黄育霖,男,18,202003140456,茶艺文化,茶艺与茶叶,avb123506,,
金雅琪,女,18,202003140457,茶艺文化,茶艺与茶叶,avb123507,,
张诗刚,男,18,202003140458,茶艺文化,茶艺与茶叶,avb123508,,
杨雅萍,女,19,202003140459,茶艺文化,茶艺与茶叶,avb123509,,
李滋龄,女,20,202003140460,茶艺文化,茶艺与茶叶,avb123510,,
张毅湖,男,20,202003140461,茶艺文化,茶艺与茶叶,avb123511,,
蔡宜,男,19,202003140462,茶艺文化,茶艺与茶叶,avb123512,,
林竹,男,18,202003140463,茶艺文化,茶艺与茶叶,avb123513,,
张茂以,男,18,202003140464,茶艺文化,茶艺与茶叶,avb123514,,
叶元央,男,18,202003140465,茶艺文化,茶艺与茶叶,avb123515,,
金育木,男,19,202003140466,茶艺文化,茶艺与茶叶,avb123516,,
林宜瑶,女,20,202003140467,茶艺文化,茶艺与茶叶,avb123517,,
采林,女,19,202003140468,茶艺文化,茶艺与茶叶,avb123518,,
杨雪,女,19,202003140469,茶艺文化,茶艺与茶叶,avb123519,,
丁仪,男,18,202003140470,茶艺文化,茶艺与茶叶,avb123520,,
逻辑,男,18,202003140471,茶艺文化,茶艺与茶叶,avb123521,,
林峰,男,19,202003140472,茶艺文化,茶艺与茶叶,avb123522,,
李必成,男,19,202003140473,茶艺文化,茶艺与茶叶,avb123523,,
叶隐赵,男,18,202003140474,茶艺文化,茶艺与茶叶,avb123524,,
杨伟成,男,18,202003140475,茶艺文化,茶艺与茶叶,avb123525,,
毛展夏,男,19,202003140476,茶艺文化,茶艺与茶叶,avb123526,,
吴摇华,男,19,202003140477,茶艺文化,茶艺与茶叶,avb123527,,
王树芳,男,19,202003140478,茶艺文化,茶艺与茶叶,avb123528,,
李宜豪,男,18,202003140479,茶艺文化,茶艺与茶叶,avb123529,,
陈志宏,男,18,202003140480,茶艺文化,茶艺与茶叶,avb123530,,
蔡国伟,男,18,202003140481,茶艺文化,茶艺与茶叶,avb123531,,
梁佩莱,男,18,202003140482,茶艺文化,茶叶加工,avb123532,,
程绍忠,男,18,202003140483,茶艺文化,茶叶加工,avb123533,,
郑智均,男,18,202003140484,茶艺文化,茶叶加工,avb123534,,
连俊达,男,18,202003140485,茶艺文化,茶叶加工,avb123535,,
李荣,男,18,202003140486,茶艺文化,茶叶加工,avb123536,,
黄伟,男,18,202003140487,茶艺文化,茶叶加工,avb123537,,
李沛博,男,18,202003140488,茶艺文化,茶叶加工,avb123538,,
张莉纹,女,18,202003140489,茶艺文化,茶叶加工,avb123539,,
李文玉,女,18,202003140490,茶艺文化,茶叶加工,avb123540,,
温彦达,男,18,202003140491,茶艺文化,茶叶加工,avb123541,,
林晨和,女,18,202003140492,茶艺文化,茶叶加工,avb123542,,
刘佑淳,男,18,202003140493,茶艺文化,茶叶加工,avb123543,,
张锐群,男,18,202003140494,茶艺文化,茶叶加工,avb123544,,
洪子放,男,18,202003140495,茶艺文化,茶叶加工,avb123545,,
张纬洁,男,18,202003140496,茶艺文化,茶叶加工,avb123546,,
陈世,男,18,202003140497,茶艺文化,茶叶加工,avb123547,,
林宗琪,女,18,202003140498,茶艺文化,茶叶加工,avb123548,,
谢一忠,男,18,202003140499,茶艺文化,茶叶加工,avb123549,,
瑶哲纬,男,18,202003140500,茶艺文化,茶叶加工,avb123550,,
周孟霖,女,18,202003140501,电子商务,茶叶电子商务,avb123551,,
刘启,男,18,202003140502,电子商务,茶叶电子商务,avb123552,,
叶文洁,女,18,202003140503,电子商务,茶叶电子商务,avb123553,,
程虹蓉,女,19,202003140504,电子商务,茶叶电子商务,avb123554,,
潘极为,男,19,202003140505,电子商务,茶叶电子商务,avb123555,,
李世杰,男,19,202003140506,电子商务,茶叶电子商务,avb123556,,
黄秋,男,20,202003140507,电子商务,茶叶电子商务,avb123557,,
王宜乐,男,18,202003140508,电子商务,茶叶电子商务,avb123558,,
李水,女,18,202003140509,电子商务,茶叶电子商务,avb123559,,
熊华,女,18,202003140510,电子商务,茶叶电子商务,avb123560,,
周杨佩,男,18,202003140511,电子商务,茶叶电子商务,avb123561,,
石春紫,女,18,202003140512,电子商务,茶叶电子商务,avb123562,,
赵胤琪,女,18,202003140513,电子商务,茶叶电子商务,avb123563,,
誉星茹,女,18,202003140514,电子商务,茶叶电子商务,avb123564,,
程昭祥,男,19,202003140515,电子商务,茶叶电子商务,avb123565,,
吴慧昭,女,19,202003140516,电子商务,茶叶电子商务,avb123566,,
何佩甄,女,19,202003140517,电子商务,茶叶电子商务,avb123567,,
李文育,女,19,202003140518,电子商务,茶叶电子商务,avb123568,,
钟庭伟,男,19,202003140519,电子商务,茶叶电子商务,avb123569,,
宋河,男,19,202003140520,电子商务,茶叶电子商务,avb123570,,
何伶元,男,20,202003140521,电子商务,茶叶电子商务,avb123571,,
谢剑铭,男,18,202003140522,电子商务,茶叶电子商务,avb123572,,
张丽雯,女,18,202003140523,电子商务,茶叶电子商务,avb123573,,
程颐,女,18,202003140524,电子商务,茶叶电子商务,avb123574,,
黄康刚,男,18,202003140525,电子商务,茶叶电子商务,avb123575,,
张纬洁,女,18,202003140526,电子商务,跨境电商,avb123576,,
林晨何,女,18,202003140527,电子商务,跨境电商,avb123577,,
郑雅希,女,18,202003140528,电子商务,跨境电商,avb123578,,
邓欣惜,女,18,202003140529,电子商务,跨境电商,avb123579,,
谢宜君,女,18,202003140530,电子商务,跨境电商,avb123580,,
黄惠学,女,18,202003140531,电子商务,跨境电商,avb123581,,
王美玲,女,18,202003140532,电子商务,跨境电商,avb123582,,
江俊生,男,18,202003140533,电子商务,跨境电商,avb123583,,
陈信伊,男,18,202003140534,电子商务,跨境电商,avb123584,,
阮晴烨,女,18,202003140535,电子商务,跨境电商,avb123585,,
旺盛如,男,18,202003140536,电子商务,跨境电商,avb123586,,
林维强,男,18,202003140537,电子商务,跨境电商,avb123587,,
附双虹,男,18,202003140538,电子商务,跨境电商,avb123588,,
杨超来,男,18,202003140539,电子商务,跨境电商,avb123589,,
王秀琳,女,18,202003140540,电子商务,网店运营,avb123590,,
王禧祥,男,18,202003140541,电子商务,网店运营,avb123591,,
陈又名,男,18,202003140542,电子商务,网店运营,avb123592,,
张纬洁,女,18,202003140543,电子商务,网店运营,avb123593,,
林之火,男,18,202003140544,电子商务,网店运营,avb123594,,
余宜礼,女,18,202003140545,电子商务,网店运营,avb123595,,
鑫坤,男,18,202003140546,电子商务,网店运营,avb123596,,
戎育文,男,19,202003140547,电子商务,网店运营,avb123597,,
王培伦,男,19,202003140548,电子商务,网店运营,avb123598,,
金佑晨,男,19,202003140549,电子商务,网店运营,avb123599,,
吴秋凉,女,19,202003140550,电子商务,网店运营,avb123600,,
王晶已,女,,202003140551,计算机网络,计算机网络技术,avb123601,,
吴珊,女,,202003140552,计算机网络,计算机网络技术,avb123602,,
张馨士,女,,202003140553,计算机网络,计算机网络技术,avb123603,,
刘宏馨,女,,202003140554,计算机网络,计算机网络技术,avb123604,,
古智仁,女,,202003140555,计算机网络,计算机网络技术,avb123605,,
鞠淑萍,女,,202003140556,计算机网络,计算机网络技术,avb123606,,
涂明泉,女,,202003140557,计算机网络,计算机网络技术,avb123607,,
卢嘉丽,女,,202003140558,计算机网络,计算机网络技术,avb123608,,
卢宜君,女,,202003140559,计算机网络,计算机网络技术,avb123609,,
郭晴贺,女,,202003140560,计算机网络,计算机网络技术,avb123610,,
郑智昭,女,,202003140561,计算机网络,计算机网络技术,avb123611,,
黄育清,女,,202003140562,计算机网络,计算机网络技术,avb123612,,
洪国祥,男,,202003140563,计算机网络,计算机网络技术,avb123613,,
张志强,男,,202003140564,计算机网络,计算机网络技术,avb123614,,
吕尚之,男,,202003140565,计算机网络,计算机网络技术,avb123615,,
陈佩君,女,,202003140566,计算机网络,计算机网络技术,avb123616,,
童杰绿,男,,202003140567,计算机网络,计算机网络技术,avb123617,,
李梅泉,女,,202003140568,计算机网络,计算机网络技术,avb123618,,
李雅琴,女,,202003140569,计算机网络,计算机网络技术,avb123619,,
黄玉铭,男,,202003140570,计算机网络,计算机网络技术,avb123620,,
蓝恩放,男,,202003140571,计算机网络,计算机网络技术,avb123621,,
鲁冠宇,男,,202003140572,计算机网络,计算机网络技术,avb123622,,
何秀慧,女,,202003140573,计算机网络,计算机网络技术,avb123623,,
钱佩云,女,,202003140574,计算机网络,计算机网络技术,avb123624,,
宋培华,女,,202003140575,计算机网络,计算机网络技术,avb123625,,
程昭仪,女,,202003140576,计算机网络,计算机网络技术,avb123626,,
王美惠,女,,202003140577,计算机网络,计算机网络技术,avb123627,,
吴艳茹,女,,202003140578,计算机网络,计算机网络技术,avb123628,,
余欣勋,女,,202003140579,计算机网络,计算机网络技术,avb123629,,
陈文楠,女,,202003140580,计算机网络,计算机网络技术,avb123630,,
黄佳靖,女,,202003140581,计算机网络,计算机网络技术,avb123631,,
曾以天,男,,202003140582,计算机网络,计算机网络技术,avb123632,,
林簌,女,,202003140583,计算机网络,计算机网络智宇楼,avb123633,,
彭佩靖,女,,202003140584,计算机网络,计算机网络智宇楼,avb123634,,
吴佩,女,,202003140585,计算机网络,计算机网络智宇楼,avb123635,,
郭鑫俞,男,,202003140586,计算机网络,计算机网络智宇楼,avb123636,,
黄景,男,,202003140587,计算机网络,计算机网络智宇楼,avb123637,,
王志恺,男,,202003140588,计算机网络,计算机网络智宇楼,avb123638,,
王子帆,男,,202003140589,计算机网络,计算机网络智宇楼,avb123639,,
林思宏,男,,202003140590,计算机网络,计算机网络智宇楼,avb123640,,
谢俞爱,女,,202003140591,计算机网络,计算机网络智宇楼,avb123641,,
李莉雯,女,,202003140592,计算机网络,计算机网络智宇楼,avb123642,,
焦俊宏,男,,202003140593,计算机网络,计算机网络智宇楼,avb123643,,
王力依,男,,202003140594,计算机网络,计算机网络智宇楼,avb123644,,
姜美颖,女,,202003140595,计算机网络,计算机网络智宇楼,avb123645,,
吕佳庆,女,,202003140596,计算机网络,计算机网络智宇楼,avb123646,,
许伶,女,,202003140597,计算机网络,计算机网络智宇楼,avb123647,,
卢玲,女,,202003140598,计算机网络,计算机网络智宇楼,avb123648,,
周志杰,男,,202003140599,计算机网络,计算机网络智宇楼,avb123649,,
林慧,女,,202003140600,计算机网络,计算机网络智宇楼,avb123650,,
蒋如霜,男,21,202003140601,商旅系,计算机与科学技术,root1234,,
昌凯敏,男,18,202003140602,茶叶系,舞蹈,dvf234,,
王姬,女,17,202003140603,艺术系,音乐,46trg5,,
沈灿怡,男,22,202003140604,学前教育系,茶叶加工,fbvf23,,
孙黄萍,女,23,202003140605,高铁动车系,旅游管理,ggfgry7,,
戚珍,男,19,202003140606,国际贸易系,茶文化,2352345g,,
朱美娟,女,18,202003140607,舞蹈音乐系,学前教育,2345erg,,
陶功碧,男,17,202003140608,艺术设计系,婴幼儿培养管理,wfdf6788,,
钱妙海,女,22,202003140609,计算机系,国际贸易,4ref3,,
赵光萍,女,20,202003140610,计算机系,茶树培养,f36fgh34,,
赵夏雪,女,18,202003140611,舞蹈音乐系,电子商务,rgfh678,,
朱欣淼,男,19,202003140612,高铁动车系,学前教育,nksq23,,
潘程燕,男,22,202003140613,茶叶系,学前教育,sw324,,
阎心媛,男,21,202003140614,艺术系,茶叶加工,fsdf3,,
朱慧娟,女,20,202003140615,学前教育系,旅游管理,sdcf3,,
钮易梦,男,20,202003140616,高铁动车系,茶文化,vfdf4,,
唐程燕,女,21,202003140617,国际贸易系,学前教育,ewf6,,
酆瑶,男,18,202003140618,舞蹈音乐系,婴幼儿培养管理,gh445,,
周美丽,女,17,202003140619,艺术设计系,国际贸易,tyh657,,
尤沛文,女,22,202003140620,计算机系,茶树培养,fgdfg23,,
邹黄萍,女,23,202003140621,计算机系,电子商务,gthtr6y,,
陈锦,男,19,202003140622,舞蹈音乐系,学前教育,hy7y4,,
孙淇,男,18,202003140623,艺术系,婴幼儿培养管理,thy45,,
陈孝洁,女,17,202003140624,学前教育系,旅游管理,hr5t7,,
苗珊,女,22,202003140625,高铁动车系,茶文化,5445y,,
许翠翠,女,20,202003140626,国际贸易系,学前教育,gfrt34,,
曹薇,男,18,202003140627,舞蹈音乐系,婴幼儿培养管理,2545io,,
钱紫君,男,19,202003140628,艺术设计系,国际贸易,dfg462346,,
戚婷,男,22,202003140629,计算机系,茶树培养,fg456ytr4,,
孙寒,女,21,202003140630,计算机系,电子商务,rfg56,,
陈如霜,男,20,202003140631,舞蹈音乐系,学前教育,thgt56,,
沈传敏,女,20,202003140632,高铁动车系,学前教育,wfdf6788,,
褚园,男,19,202003140633,茶叶系,茶叶加工,4ref3,,
尤萍,女,18,202003140634,艺术系,旅游管理,f36fgh34,,
何雪萍,男,17,202003140635,学前教育系,茶文化,rgfh678,,
曹雅瑄,女,22,202003140636,高铁动车系,学前教育,nksq23,,
吴雁,男,20,202003140637,国际贸易系,婴幼儿培养管理,sw324,,
冯彩菊,女,18,202003140638,舞蹈音乐系,国际贸易,fsdf3,,
冯含玉,女,19,202003140639,艺术设计系,茶树培养,sdcf3,,
王问筠,女,22,202003140640,计算机系,电子商务,vfdf4,,
王易梦,男,21,202003140641,计算机系,学前教育,ewf6,,
尤含玉,男,20,202003140642,舞蹈音乐系,茶叶加工,gh445,,
伍代云,女,20,202003140643,国际贸易系,旅游管理,tyh657,,
陶之念,女,21,202003140644,舞蹈音乐系,茶文化,thgt56,,
褚荷,女,18,202003140645,艺术设计系,学前教育,gthtr6y,,
严瑗,男,17,202003140646,计算机系,婴幼儿培养管理,hy7y4,,
朱光萍,男,22,202003140647,计算机系,国际贸易,thy45,,
施红燕,男,23,202003140648,舞蹈音乐系,茶树培养,hr5t7,,
周静雯,女,19,202003140649,高铁动车系,电子商务,5445y,,
张成龙,男,18,202003140650,茶叶系,学前教育,gfrt34,,
施秋,女,17,202003140651,艺术系,学前教育,2545io,,
戚程悦,男,22,202003140652,学前教育系,茶叶加工,dfg462346,,
蒋锦,女,20,202003140653,高铁动车系,旅游管理,fg456ytr4,,
赵黛,男,18,202003140654,国际贸易系,茶文化,rfg56,,
赵之瑶,男,19,202003140655,舞蹈音乐系,学前教育,g4t5654,,
褚晶,男,22,202003140656,艺术设计系,婴幼儿培养管理,hy7y4,,
周彩霞,女,21,202003140657,计算机系,国际贸易,thy45,,
吴世兰,男,20,202003140658,计算机系,茶树培养,hr5t7,,
陈冬儿,女,20,202003140659,舞蹈音乐系,电子商务,5445y,,
秦彤,男,17,202003140660,艺术系,学前教育,gfrt34,,
秦涵菡,女,22,202003140661,学前教育系,婴幼儿培养管理,2545io,,
褚松,男,23,202003140662,高铁动车系,旅游管理,dfg462346,,
范笑白,女,19,202003140663,国际贸易系,茶文化,fg456ytr4,,
王淇,男,18,202003140664,舞蹈音乐系,学前教育,rfg56,,
金灿灿,女,17,202003140665,艺术设计系,婴幼儿培养管理,thgt56,,
曹晓磊,女,22,202003140666,计算机系,国际贸易,wfdf6788,,
赵武琴,女,20,202003140667,计算机系,茶树培养,4ref3,,
王芳,男,18,202003140668,舞蹈音乐系,电子商务,f36fgh34,,
秦灿怡,男,19,202003140669,高铁动车系,学前教育,rgfh678,,
杨晶,女,22,202003140670,茶叶系,学前教育,nksq23,,
沈珊,女,21,202003140671,艺术系,茶叶加工,sw324,,
陈琼,女,20,202003140672,学前教育系,旅游管理,fsdf3,,
魏龙婷,男,20,202003140673,舞蹈音乐系,茶文化,sdcf3,,
卫宗莉,男,19,202003140674,艺术设计系,学前教育,vfdf4,,
孙如霜,男,18,202003140675,计算机系,学前教育,ewf6,,
张娇娇,女,17,202003140676,计算机系,茶叶加工,gh445,,
褚杰,男,22,202003140677,舞蹈音乐系,旅游管理,tyh657,,
蒋秋荣,女,20,202003140678,国际贸易系,茶文化,thgt56,,
褚舒,男,18,202003140679,舞蹈音乐系,学前教育,gthtr6y,,
戚飘,女,19,202003140680,艺术设计系,婴幼儿培养管理,hy7y4,,
蒋贞,女,22,202003140681,计算机系,国际贸易,g4t5654,,
杨秀芳,女,21,202003140682,计算机系,茶树培养,hy7y4,,
褚高彭,男,20,202003140683,舞蹈音乐系,电子商务,thy45,,
张武琴,男,20,202003140684,高铁动车系,学前教育,hr5t7,,
容静,男,21,202003140685,茶叶系,茶叶加工,5445y,,
许龙婷,女,18,202003140686,艺术设计系,旅游管理,gfrt34,,
孔月珍,男,17,202003140687,计算机系,茶文化,2545io,,
姜招弟,女,22,202003140688,计算机系,学前教育,dfg462346,,
钱寻南,男,23,202003140689,舞蹈音乐系,婴幼儿培养管理,fg456ytr4,,
秦紫君,女,19,202003140690,高铁动车系,国际贸易,rfg56,,
何易梦,男,18,202003140691,茶叶系,茶树培养,thgt56,,
金桂兰,男,17,202003140692,艺术系,电子商务,wfdf6788,,
孙莉,男,22,202003140693,学前教育系,学前教育,4ref3,,
陈子彤,女,20,202003140694,高铁动车系,学前教育,f36fgh34,,
周勤,男,18,202103140001,国际贸易系,茶叶加工,rgfh678,,
施晶,女,19,202103140002,舞蹈音乐系,旅游管理,nksq23,,
金茜,男,22,202103140003,艺术设计系,茶文化,sw324,,
滕瑞进,女,21,202103140004,计算机系,学前教育,fsdf3,,
吕含玉,男,20,202103140005,计算机系,婴幼儿培养管理,sdcf3,,
蒋琴,女,20,202103140006,舞蹈音乐系,国际贸易,vfdf4,,
姜倩,男,19,202103140007,艺术系,茶树培养,ewf6,,
华婵,女,18,202103140008,学前教育系,电子商务,gh445,,
周之念,女,17,202103140009,高铁动车系,学前教育,tyh657,,
郑玉婷,女,22,202103140010,国际贸易系,婴幼儿培养管理,thgt56,,
谢月,男,20,202103140011,舞蹈音乐系,旅游管理,gthtr6y,,
吕翡翠,男,18,202103140012,艺术设计系,茶文化,hy7y4,,
褚灵竹,女,19,202103140013,计算机系,学前教育,4ref3,,
吴珊,女,22,202103140014,计算机系,婴幼儿培养管理,f36fgh34,,
赵育,女,21,202103140015,院系,国际贸易,rgfh678,,
周琳,男,20,202103140016,商旅系,茶树培养,nksq23,,
魏德群,男,20,202103140017,茶叶系,电子商务,sw324,,
平锦,男,21,202103140018,艺术系,学前教育,fsdf3,,
吕凝,女,18,202103140019,学前教育系,学前教育,sdcf3,,
吕海燕,男,17,202103140020,高铁动车系,茶叶加工,vfdf4,,
许清怡,女,22,202103140021,国际贸易系,舞蹈,ewf6,,
周雪萍,男,23,202103140022,舞蹈音乐系,音乐,gh445,,
鞠昌玉,男,19,202103140023,艺术设计系,茶叶加工,tyh657,,
水娣,女,18,202103140024,计算机系,旅游管理,thgt56,,
戚谷山,男,17,202103140025,计算机系,茶文化,gthtr6y,,
曹心媛,女,22,202103140026,舞蹈音乐系,学前教育,hy7y4,,
卫丽丽,男,20,202103140027,高铁动车系,婴幼儿培养管理,thy45,,
蒋心敏,女,18,202103140028,茶叶系,国际贸易,hr5t7,,
周蓉,女,19,202103140029,艺术系,茶树培养,5445y,,
朱佳,女,22,202103140030,学前教育系,电子商务,gfrt34,,
许光萍,男,21,202103140031,高铁动车系,学前教育,2545io,,
吴念,男,20,202103140032,国际贸易系,学前教育,dfg462346,,
蒋亚萍,女,20,202103140033,舞蹈音乐系,茶叶加工,fg456ytr4,,
周悦明,女,17,202103140034,艺术设计系,旅游管理,rfg56,,
扈莎莎,女,22,202103140035,计算机系,茶文化,g4t5654,,
施太群,男,23,202103140036,计算机系,学前教育,hy7y4,,
褚瑞,男,19,202103140037,舞蹈音乐系,婴幼儿培养管理,thy45,,
蒋月,男,18,202103140038,艺术系,国际贸易,hr5t7,,
褚姚,女,17,202103140039,学前教育系,茶树培养,5445y,,
张瑞进,男,22,202103140040,高铁动车系,电子商务,gfrt34,,
魏小丽,女,20,202103140041,国际贸易系,学前教育,2545io,,
施静,男,18,202103140042,舞蹈音乐系,婴幼儿培养管理,dfg462346,,
周玉晶,男,19,202103140043,艺术设计系,旅游管理,fg456ytr4,,
魏欢,女,22,202103140044,计算机系,茶文化,rfg56,,
周苑,男,21,202103140045,计算机系,学前教育,thgt56,,
王昭娣,女,20,202103140046,计算机系,婴幼儿培养管理,wfdf6788,,
郜洪静,男,20,202103140047,计算机系,国际贸易,4ref3,,
邹瑞,男,19,202103140048,舞蹈音乐系,茶树培养,f36fgh34,,
施美丽,男,18,202103140049,艺术系,电子商务,rgfh678,,
严芯蕊,女,17,202103140050,学前教育系,学前教育,nksq23,,
倪幻波,男,22,202103140051,高铁动车系,学前教育,sw324,,
赵筠,女,20,202103140052,国际贸易系,茶叶加工,fsdf3,,
赵江霞,男,18,202103140053,舞蹈音乐系,旅游管理,sdcf3,,
陈天春,女,19,202103140054,艺术设计系,茶文化,vfdf4,,
郑溶艳,男,22,202103140055,计算机系,学前教育,ewf6,,
魏胜珍,女,21,202103140056,计算机系,婴幼儿培养管理,gh445,,
周静欣,男,20,202103140057,院系,国际贸易,tyh657,,
冯显,女,20,202103140058,商旅系,茶树培养,thgt56,,
云娴,女,21,202103140059,茶叶系,电子商务,gthtr6y,,
秦嘉,女,18,202103140060,艺术系,学前教育,hy7y4,,
秦甜,男,17,202103140061,学前教育系,茶叶加工,g4t5654,,
严雨祺,男,22,202103140062,高铁动车系,旅游管理,hy7y4,,
曹半芹,女,23,202103140063,国际贸易系,茶文化,thy45,,
康瑞,女,19,202103140064,舞蹈音乐系,学前教育,hr5t7,,
褚红燕,女,18,202103140065,艺术设计系,婴幼儿培养管理,5445y,,
严玫,男,17,202103140066,计算机系,国际贸易,gfrt34,,
戚晓,男,22,202103140067,计算机系,茶树培养,2545io,,
张小兰,男,20,202103140068,舞蹈音乐系,电子商务,dfg462346,,
李鑫月,女,18,202103140069,高铁动车系,学前教育,fg456ytr4,,
吴红,男,19,202103140070,茶叶系,学前教育,rfg56,,
严晓,女,22,202103140071,艺术系,茶叶加工,thgt56,,
施亚梅,男,21,202103140072,学前教育系,旅游管理,wfdf6788,,
卫丹,男,20,202103140073,高铁动车系,茶文化,4ref3,,
金景玉,女,20,202103140074,国际贸易系,学前教育,f36fgh34,,
金万敏,男,19,202103140075,舞蹈音乐系,婴幼儿培养管理,rgfh678,,
冯亦寒,女,18,202103140076,艺术设计系,国际贸易,nksq23,,
钱婷,男,17,202103140077,计算机系,茶树培养,sw324,,
施燕,女,22,202103140078,计算机系,电子商务,fsdf3,,
沈侦,女,20,202103140079,舞蹈音乐系,学前教育,sdcf3,,
沈冷安,女,18,202103140080,艺术系,婴幼儿培养管理,vfdf4,,
华滢,男,19,202103140081,艺术系,旅游管理,ewf6,,
曹梦,男,22,202103140082,学前教育系,茶文化,gh445,,
沈珍,女,21,202103140083,高铁动车系,学前教育,tyh657,,
褚欢,女,20,202103140084,国际贸易系,婴幼儿培养管理,thgt56,,
朱茜,女,20,202103140085,舞蹈音乐系,国际贸易,gthtr6y,,
周丽,男,21,202103140086,艺术设计系,茶树培养,hy7y4,,
华启芬,男,18,202103140087,计算机系,电子商务,fg456ytr4,,
褚胜珍,男,17,202103140088,计算机系,学前教育,rfg56,,
陈颖,女,22,202103140089,舞蹈音乐系,学前教育,thgt56,,
秦婷婷,男,23,202103140090,高铁动车系,茶叶加工,wfdf6788,,
陈文秀,女,19,202103140091,茶叶系,旅游管理,4ref3,,
窦菲,男,18,202103140092,艺术系,茶文化,f36fgh34,,
杨馨语,男,17,202103140093,学前教育系,学前教育,rgfh678,,
魏朱娇,男,22,202103140094,高铁动车系,学前教育,nksq23,,
金雪倩,女,20,202103140095,国际贸易系,茶叶加工,sw324,,
陶忠娇,女,18,202103140096,舞蹈音乐系,旅游管理,fsdf3,,
李春喜,女,19,202103140097,艺术设计系,茶文化,sdcf3,,
钱欢,男,22,202103140098,计算机系,学前教育,vfdf4,,
严岚,男,21,202103140099,舞蹈音乐系,婴幼儿培养管理,ewf6,,
秦霄,男,20,202103140100,艺术设计系,国际贸易,gh445,,
魏瑾,女,20,202103140101,计算机系,婴幼儿培养管理,tyh657,,
施缘双,男,17,202103140102,计算机系,国际贸易,thgt56,,
魏之柔,女,22,202103140103,舞蹈音乐系,茶树培养,gthtr6y,,
何世兰,男,23,202103140104,艺术系,电子商务,hy7y4,,
孔欣淼,女,19,202103140105,艺术系,学前教育,4ref3,,
柯盼夏,女,18,202103140106,学前教育系,学前教育,f36fgh34,,
李竹,男,18,202103140107,商旅系,计算机网络,asd123456,,
明心菲,男,19,202103140108,音乐系,茶文化,sss456165sd4,,
赵凤美,男,19,202103140109,茶艺系,茶加工,sa234342d,,
卫冬儿,女,19,202103140110,旅游系,旅游管理,asdas4654,,
魏贞,女,18,202103140111,电商系,电子商务,zxzx3326,,
沈招弟,女,20,202103140112,体育系,体育教育,sdadd32356+,,
陈菁,男,20,202103140113,教育系,学前教育,sdaa65++,,
孙洪静,男,19,202103140114,计算机系,国际贸易,hjh523,,
褚冷安,男,21,202103140115,财经系,进出口管理,ghgff456,,
秦礼杰,男,20,202103140116,法学院,知识产权,gfjfj2,,
曹之念,男,21,202103140117,商业管理学院,监狱学,gfumb ,,
章英,男,19,202103140118,化学系,司法警察学,vghyu,,
孙太群,女,18,202103140119,生物学系,生命科学技术,hgvftu45,,
戚朱娇,女,19,202103140120,商旅系,无机化学,ghfjbv123,,
赵洋,女,23,202103140121,音乐系,物理化学,7uty132,,
何黛,女,19,202103140122,茶艺系,计算机网络,ghfty123,,
姜丽,女,19,202103140123,旅游系,茶文化,fgu123,,
秦秀英,男,21,202103140124,电商系,茶加工,3216tyfu,,
冯茜,男,21,202103140125,体育系,旅游管理,321465fu,,
孔桂,男,23,202103140126,教育系,电子商务,2354gf,,
余倩,女,22,202103140127,计算机系,体育教育,355623hgc,,
钱莉,女,22,202103140128,财经系,学前教育,ydtry45,,
许紫萱,男,19,202103140129,法学院,国际贸易,cvfyu556,,
施亦寒,男,19,202103140130,商业管理学院,进出口管理,fy443trgsdr+,,
李明珠,男,18,202103140131,化学系,知识产权,bnmbmbb,,
朱怜云,男,19,202103140132,生物学系,监狱学,vbcfthdr123,,
郑之柔,男,21,202103140133,茶艺系,司法警察学,sss456165sd4,,
严采绿,男,20,202103140134,旅游系,生命科学技术,sa234342d,,
孔昭东,女,20,202103140135,电商系,电子商务,asdas4654,,
雷怜云,女,19,202103140136,体育系,体育教育,zxzx3326,,
褚明珠,女,21,202103140137,教育系,学前教育,sdadd32356+,,
吴琦,女,20,202103140138,计算机系,国际贸易,sdaa65++,,
尤慧,女,21,202103140139,财经系,进出口管理,hjh523,,
时瑞,女,19,202103140140,法学院,知识产权,ghgff456,,
韩宏艳,男,18,202103140141,商业管理学院,监狱学,gfjfj2,,
金花娥,男,19,202103140142,化学系,司法警察学,gfumb ,,
秦万敏,男,23,202103140143,生物学系,生命科学技术,vghyu,,
卫痴梦,男,19,202103140144,商旅系,无机化学,hgvftu45,,
朱欣悦,男,19,202103140145,音乐系,物理化学,ghfjbv123,,
张莎莎,女,21,202103140146,茶艺系,计算机网络,7uty132,,
吴韵,男,21,202103140147,旅游系,茶文化,ghfty123,,
张琼,女,23,202103140148,电商系,茶加工,fgu123,,
陶娇娇,女,22,202103140149,体育系,旅游管理,3216tyfu,,
华程燕,女,22,202103140150,教育系,电子商务,321465fu,,
周育彤,女,19,202103140151,计算机系,体育教育,2354gf,,
杨秋荣,女,19,202103140152,财经系,学前教育,355623hgc,,
褚计香,女,18,202103140153,法学院,国际贸易,ydtry45,,
沈艳,女,19,202103140154,商业管理学院,进出口管理,cvfyu556,,
周茜,女,21,202103140155,旅游系,知识产权,zxzx3326,,
孔珊,女,20,202103140156,电商系,监狱学,sdadd32356+,,
陈桂兰,女,19,202103140157,体育系,无机化学,sdaa65++,,
陶翠柔,女,23,202103140158,教育系,物理化学,hjh523,,
秦美美,女,19,202103140159,计算机系,计算机网络,ghgff456,,
许程燕,女,19,202103140160,财经系,茶文化,gfjfj2,,
郑艳红,男,21,202103140161,法学院,茶加工,gfumb ,,
杨晓,男,21,202103140162,商业管理学院,旅游管理,vghyu,,
朱虹,男,23,202103140163,化学系,电子商务,hgvftu45,,
华婷婷,男,22,202103140164,生物学系,体育教育,ghfjbv123,,
陶滢,男,22,202103140165,商旅系,学前教育,7uty132,,
褚朱娇,男,19,202103140166,音乐系,国际贸易,ghfty123,,
华秀娟,男,19,202103140167,茶艺系,进出口管理,fgu123,,
姜嘉,男,18,202103140168,旅游系,知识产权,3216tyfu,,
王眉,男,19,202103140169,电商系,监狱学,321465fu,,
钱翡翠,男,21,202103140170,体育系,司法警察学,2354gf,,
孔花长,男,20,202103140171,教育系,生命科学技术,355623hgc,,
朱银姣,男,20,202103140172,计算机系,电子商务,ydtry45,,
魏涵菡,男,19,202103140173,财经系,体育教育,cvfyu556,,
钱欣,男,21,202103140174,法学院,学前教育,fy443trgsdr+,,
沈姚,男,20,202103140175,商业管理学院,国际贸易,sefdfr1345,,
孙丽,男,21,202103140176,化学系,进出口管理,545mkli9klok,,
郑姚,男,19,202103140177,生物学系,知识产权,sss456165sd4,,
孙欣怡,男,18,202103140178,茶艺系,监狱学,sa234342d,,
李蕊,男,19,202103140179,旅游系,司法警察学,asdas4654,,
张影,女,23,202103140180,电商系,生命科学技术,zxzx3326,,
何娟,女,19,202103140181,体育系,无机化学,sdadd32356+,,
陶巧丽,女,22,202103140182,教育系,物理化学,sdaa65++,,
严桂兰,女,22,202103140183,计算机系,计算机网络,hjh523,,
曹莺,女,19,202103140184,财经系,茶文化,ghgff456,,
杨丽,女,19,202103140185,法学院,茶加工,gfjfj2,,
李宏艳,女,18,202103140186,商业管理学院,旅游管理,gfumb ,,
尤乐,女,19,202103140187,化学系,电子商务,vghyu,,
姜勤,女,21,202103140188,生物学系,体育教育,hgvftu45,,
钱玉婷,女,20,202103140189,教育系,学前教育,df3245fd,,
张薇,女,19,202103140190,计算机系,进出口管理,cxvr2165,,
陶礼杰,女,23,202103140191,财经系,知识产权,xzcvsdr+56,,
曹婵,女,19,202103140192,法学院,监狱学,12cgf45+21,,
尤名媛,女,19,202103140193,商业管理学院,司法警察学,df15456,,
李恩珍,女,21,202103140194,化学系,生命科学技术,cvdgr1456,,
朱艺,女,21,202103140195,生物学系,电子商务,vcdts4+,,
严婷,女,23,202103140196,商旅系,体育教育,cvdg4gfd,,
施向萍,女,22,202103140197,音乐系,学前教育,sa234342d,,
冯倩,男,22,202103140198,茶艺系,国际贸易,asdas4654,,
何芳,男,19,202103140199,旅游系,进出口管理,zxzx3326,,
齐桂,男,19,202103140200,电商系,知识产权,sdadd32356+,,
孙静,女,18,202103140201,体育系,监狱学,sdaa65++,,
王红,女,19,202103140202,教育系,司法警察学,hjh523,,
冯程悦,女,21,202103140203,计算机系,生命科学技术,ghgff456,,
康寻南,男,20,202103140204,财经系,无机化学,gfjfj2,,
戚黛,女,18,202103140205,法学院,物理化学,gfumb ,,
陈菜玲,女,19,202103140206,商业管理学院,计算机网络,vghyu,,
钱筠,女,21,202103140207,化学系,茶文化,hgvftu45,,
吴梦,男,20,202103140208,生物学系,茶加工,df3245fd,,
郑采绿,男,19,202103140209,茶艺系,旅游管理,cxvr2165,,
元瑗,女,23,202103140210,旅游系,电子商务,xzcvsdr+56,,
魏春燕,女,19,202103140211,电商系,体育教育,12cgf45+21,,
晏倩,男,19,202103140212,体育系,学前教育,df15456,,
解显,男,21,202103140213,教育系,国际贸易,cvdgr1456,,
王远琴,男,21,202103140214,计算机系,进出口管理,vcdts4+,,
韩龙婷,男,23,202103140215,财经系,知识产权,cvdg4gfd,,
卫洪丽,男,22,202103140216,法学院,监狱学,fgu123,,
韩夏梅,男,22,202103140217,商业管理学院,无机化学,3216tyfu,,
姜静雯,男,19,202103140218,化学系,物理化学,321465fu,,
尤厚菊,男,19,202103140219,生物学系,计算机网络,2354gf,,
韩代云,男,18,202103140220,商旅系,茶文化,355623hgc,,
张成倩,男,19,202103140221,音乐系,茶加工,ydtry45,,
华之山,男,21,202103140222,茶艺系,旅游管理,cvfyu556,,
吕启芬,男,20,202103140223,旅游系,电子商务,zxzx3326,,
潘谷波,男,20,202103140224,电商系,体育教育,sdadd32356+,,
王福兰,男,19,202103140225,体育系,学前教育,sdaa65++,,
吕黛,女,21,202103140226,教育系,国际贸易,hjh523,,
华惠,女,20,202103140227,计算机系,进出口管理,ghgff456,,
孔孝洁,女,21,202103140228,财经系,物理化学,gfjfj2,,
戚金花,女,19,202103140229,法学院,计算机网络,gfumb ,,
蒋欢,女,18,202103140230,商业管理学院,茶文化,vghyu,,
张桂花,男,19,202103140231,旅游系,茶加工,hgvftu45,,
元灿灿,男,23,202103140232,电商系,旅游管理,ghfjbv123,,
许红,女,19,202103140233,体育系,电子商务,7uty132,,
朱春燕,女,19,202103140234,教育系,体育教育,ghfty123,,
陶淇,男,18,202103140235,计算机系,学前教育,fgu123,,
郎兰兰,男,19,202103140236,财经系,国际贸易,3216tyfu,,
葛光萍,男,21,202103140237,法学院,进出口管理,321465fu,,
王兴,女,20,202103140238,商业管理学院,知识产权,2354gf,,
吴启英,女,20,202103140239,化学系,监狱学,355623hgc,,
秦倩倩,女,19,202103140240,生物学系,司法警察学,ydtry45,,
秦明艳,女,21,202103140241,商旅系,生命科学技术,cvfyu556,,
何晓云,女,20,202103140242,音乐系,电子商务,fy443trgsdr+,,
施易梦,女,21,202103140243,茶艺系,体育教育,jhubmhvgy,,
杨惜雪,女,19,202103140244,旅游系,学前教育,klpoji9nkjli12,,
谷南莲,女,18,202103140245,电商系,国际贸易,sss456165sd4,,
严文秀,女,19,202103140246,体育系,进出口管理,sa234342d,,
周佳丽,女,23,202103140247,教育系,知识产权,asdas4654,,
姜冷安,女,19,202103140248,计算机系,监狱学,zxzx3326,,
褚欣淼,男,22,202103140249,财经系,司法警察学,sdadd32356+,,
吕柔,男,22,202103140250,法学院,生命科学技术,sdaa65++,,
赵寒,男,19,202103140251,商业管理学院,无机化学,hjh523,,
赵妍,女,19,202103140252,化学系,物理化学,ghgff456,,
商芳,男,18,202103140253,生物学系,计算机网络,gfjfj2,,
秦翠红,男,19,202103140254,茶艺系,茶文化,gfumb ,,
慕秋荣,女,21,202103140255,旅游系,茶加工,vghyu,,
曹翠翠,女,20,202103140256,电商系,旅游管理,hgvftu45,,
何涛,女,19,202103140257,体育系,电子商务,df3245fd,,
卫之念,男,23,202103140258,教育系,体育教育,cxvr2165,,
何婷,男,19,202103140259,计算机系,学前教育,xzcvsdr+56,,
吴蓓,男,19,202103140260,财经系,进出口管理,12cgf45+21,,
姜之柔,男,21,202103140261,法学院,知识产权,df15456,,
金丹,男,21,202103140262,商业管理学院,监狱学,cvdgr1456,,
孙欣淼,男,23,202103140263,化学系,司法警察学,vcdts4+,,
华纨,男,22,202103140264,体育系,生命科学技术,cvdg4gfd,,
吴山柳,男,22,202103140265,教育系,电子商务,sa234342d,,
喻欣琪,男,19,202103140266,计算机系,体育教育,asdas4654,,
韩燕,男,19,202103140267,财经系,学前教育,zxzx3326,,
秦丽丽,女,18,202103140268,法学院,国际贸易,sdadd32356+,,
朱莺,女,19,202103140269,商业管理学院,进出口管理,sdaa65++,,
杨洋,女,21,202103140270,化学系,知识产权,hjh523,,
蒋兰兰,女,20,202103140271,生物学系,监狱学,ydtry45,,
何成龙,女,20,202103140272,商旅系,司法警察学,cvfyu556,,
陶美丽,女,19,202103140273,音乐系,生命科学技术,fy443trgsdr+,,
杨荷,女,21,202103140274,茶艺系,无机化学,hgvfbsdr21,,
陈念念,女,20,202103140275,旅游系,物理化学,vgtyrghfty,,
蒋欣悦,女,21,202103140276,电商系,计算机网络,sss456165sd4,,
钱成龙,女,19,202103140277,体育系,茶文化,sa234342d,,
秦明红,女,18,202103140278,教育系,茶加工,asdas4654,,
杨碧香,男,19,202103140279,计算机系,旅游管理,zxzx3326,,
王春竹,男,23,202103140280,财经系,电子商务,sdadd32356+,,
韩计香,女,19,202103140281,法学院,体育教育,sdaa65++,,
彭秀丽,女,22,202103140282,商业管理学院,学前教育,hjh523,,
朱佳丽,男,22,202103140283,化学系,生命科学技术,ghgff456,,
张柳,女,19,202103140284,生物学系,电子商务,gfjfj2,,
姜蓓,女,19,202103140285,茶艺系,体育教育,gfumb ,,
孔宗莉,女,18,202103140286,旅游系,学前教育,vghyu,,
韩之瑶,女,19,202103140287,电商系,国际贸易,hgvftu45,,
张静雯,女,21,202103140288,体育系,进出口管理,df3245fd,,
邹子涵,女,20,202103140289,教育系,知识产权,cxvr2165,,
王翡翠,女,19,202103140290,计算机系,监狱学,xzcvsdr+56,,
张侦,女,23,202103140291,财经系,司法警察学,12cgf45+21,,
韩太群,男,19,202103140292,法学院,生命科学技术,df15456,,
施盼夏,男,19,202103140293,商业管理学院,无机化学,cvdgr1456,,
申欣琪,男,21,202103140294,化学系,物理化学,vcdts4+,,
尤丽,女,21,202103140295,电商系,计算机网络,cvdg4gfd,,
金珊,女,23,202103140296,体育系,茶文化,sa234342d,,
褚含卉,女,22,202103140297,教育系,茶加工,asdas4654,,
钱影,男,22,202103140298,计算机系,旅游管理,zxzx3326,,
郑昭娣,男,19,202103140299,财经系,电子商务,sdadd32356+,,
姜露,男,21,202103140300,法学院,体育教育,sdaa65++,,
朱涛,男,22,202103140301,商业管理学院,学前教育,hjh523,,
孔佳丽,男,20,202103140302,化学系,旅游管理,ghgff456,,
戚啟倩,男,21,202103140303,生物学系,电子商务,gfjfj2,,
卫鑫月,男,21,202103140304,茶艺系,体育教育,gfumb ,,
孙缘双,男,22,202103140305,旅游系,学前教育,vghyu,,
赵昭东,男,19,202103140306,电商系,电子商务,dfsz2189,,
何蓓,男,27,202103140307,语言系,英语,acfaf123456,,
华笑白,男,42,202103140308,计算机系,计算机,acfaf123457,,
杨丽,女,47,202103140309,电商系,电子商务,acfaf123458,,
姜明露,女,14,202103140310,语言系,英语,acfaf123459,,
李有菊,女,20,202103140311,计算机系,计算机,acfaf123460,,
尤蓓,女,31,202103140312,电商系,电子商务,acfaf123461,,
韩亦瑶,女,31,202103140313,音乐系,声乐,acfaf123462,,
杨眉,女,25,202103140314,考古系,考古,acfaf123463,,
钱倩,女,29,202103140315,中文系,文言文,acfaf123464,,
陈启芬,女,43,202103140316,语言系,英语,acfaf123465,,
尉迟昭东,男,13,202103140317,计算机系,计算机,acfaf123466,,
许成倩,女,33,202103140318,语言系,英语,acfaf123467,,
陶红恋,女,28,202103140319,计算机系,计算机,acfaf123468,,
范莉莎,女,38,202103140320,电商系,电子商务,acfaf123469,,
杨谷山,男,22,202103140321,音乐系,声乐,acfaf123470,,
陶琴,女,36,202103140322,考古系,考古,acfaf123471,,
倪蕊,男,38,202103140323,中文系,文言文,acfaf123472,,
王传敏,女,31,202103140324,创业系,创业指导,acfaf123473,,
华明珠,女,29,202103140325,茶叶系,茶叶,acfaf123474,,
吕招弟,男,34,202103140326,考古系,考古,acfaf123475,,
魏娟,男,42,202103140327,中文系,文言文,acfaf123476,,
沈枫,男,47,202103140328,创业系,创业指导,acfaf123477,,
何纨,男,28,202103140329,茶叶系,茶叶,acfaf123478,,
钱凤美,女,27,202103140330,语言系,英语,acfaf123479,,
张平夏,女,34,202103140331,计算机系,计算机,acfaf123480,,
李春燕,男,29,202103140332,电商系,电子商务,acfaf123481,,
蒋琼琼,女,30,202103140333,音乐系,声乐,acfaf123482,,
沈瑶,男,13,202103140334,考古系,考古,acfaf123483,,
朱桂兰,男,30,202103140335,中文系,文言文,acfaf123484,,
吴兰兰,女,37,202103140336,创业系,创业指导,acfaf123485,,
施仪,男,39,202103140337,茶叶系,茶叶,acfaf123486,,
孙欢,男,47,202103140338,语言系,英语,acfaf123487,,
孙冬儿,男,20,202103140339,计算机系,计算机,acfaf123488,,
吕凡,女,19,202103140340,电商系,电子商务,acfaf123489,,
何灿怡,男,13,202103140341,音乐系,声乐,acfaf123490,,
郑耀文,男,25,202103140342,考古系,考古,acfaf123491,,
赵发弟,女,17,202103140343,中文系,文言文,acfaf123492,,
魏虹霖,男,27,202103140344,创业系,创业指导,acfaf123493,,
施珍,男,29,202103140345,语言系,英语,acfaf123494,,
许成龙,男,38,202103140346,计算机系,计算机,acfaf123495,,
何蕊,男,41,202103140347,电商系,电子商务,acfaf123496,,
许艳红,男,18,202103140348,音乐系,声乐,acfaf123497,,
孙紫萱,男,39,202103140349,考古系,考古,acfaf123498,,
周武琴,男,34,202103140350,中文系,文言文,acfaf123499,,
陶开凤,女,18,202103140351,语言系,英语,acfaf123500,,
吕名媛,男,46,202103140352,计算机系,计算机,acfaf123501,,
金啟倩,男,15,202103140353,电商系,电子商务,acfaf123502,,
时兴怡,男,31,202103140354,音乐系,声乐,acfaf123503,,
曹谷山,男,44,202103140355,语言系,英语,acfaf123504,,
酆莉,男,28,202103140356,计算机系,计算机,acfaf123505,,
秦红燕,女,18,202103140357,电商系,电子商务,acfaf123506,,
朱嘉,男,27,202103140358,音乐系,声乐,acfaf123507,,
褚晓磊,男,32,202103140359,考古系,考古,acfaf123508,,
孔怜云,男,18,202103140360,语言系,英语,acfaf123509,,
郗仪,女,45,202103140361,计算机系,计算机,acfaf123510,,
宰父青槐,男,44,202103140362,电商系,电子商务,acfaf123511,,
施静欣,男,15,202103140363,音乐系,声乐,acfaf123512,,
吕美琳,男,47,202103140364,语言系,英语,acfaf123513,,
戚倩,男,38,202103140365,计算机系,计算机,acfaf123514,,
孔影,男,16,202103140366,电商系,电子商务,acfaf123515,,
卫凯敏,男,24,202103140367,音乐系,声乐,acfaf123516,,
严春燕,男,28,202103140368,考古系,考古,acfaf123517,,
孙宛海,男,42,202103140369,中文系,文言文,acfaf123518,,
尤筠,女,46,202103140370,创业系,创业指导,acfaf123519,,
孙莉,男,27,202103140371,茶叶系,茶叶,acfaf123520,,
褚菜玲,男,16,202103140372,语言系,英语,acfaf123521,,
华冬儿,男,30,202103140373,计算机系,计算机,acfaf123522,,
韩丽,男,20,202103140374,电商系,电子商务,acfaf123523,,
邹馨语,男,20,202103140375,音乐系,声乐,acfaf123524,,
吴光琴,男,25,202103140376,考古系,考古,acfaf123525,,
魏冬儿,男,16,202103140377,中文系,文言文,acfaf123526,,
吕溶艳,男,28,202103140378,创业系,创业指导,acfaf123527,,
赵春燕,女,28,202103140379,语言系,英语,acfaf123528,,
王婷婷,男,45,202103140380,计算机系,计算机,acfaf123529,,
赵文倩,男,22,202103140381,电商系,电子商务,acfaf123530,,
戚秀英,女,28,202103140382,语言系,英语,acfaf123531,,
赵龙婷,男,43,202103140383,计算机系,计算机,acfaf123532,,
郑惠,男,25,202103140384,电商系,电子商务,acfaf123533,,
孔羽,男,22,202103140385,音乐系,声乐,acfaf123534,,
曹世兰,男,43,202103140386,考古系,考古,acfaf123535,,
杨园,男,33,202103140387,中文系,文言文,acfaf123536,,
钱功碧,男,15,202103140388,语言系,英语,acfaf123537,,
李婷婷,男,16,202103140389,计算机系,计算机,acfaf123538,,
许玉亭,男,22,202103140390,电商系,电子商务,acfaf123539,,
沈嘎妹,女,36,202103140391,音乐系,声乐,acfaf123540,,
竺明露,男,25,202103140392,考古系,考古,acfaf123541,,
尤美娟,女,40,202103140393,中文系,文言文,acfaf123542,,
魏铠沣,女,28,202103140394,语言系,英语,acfaf123543,,
戚晓云,男,27,202103140395,计算机系,计算机,acfaf123544,,
邹佳丽,女,30,202103140396,电商系,电子商务,acfaf123545,,
褚之柔,男,13,202103140397,语言系,英语,acfaf123546,,
何红燕,女,31,202103140398,计算机系,计算机,acfaf123547,,
孔海燕,男,26,202103140399,电商系,电子商务,acfaf123548,,
胥欣阳,男,28,202103140400,音乐系,声乐,acfaf123549,,
吴婷,女,33,202103140401,考古系,考古,acfaf123550,,
蒋访枫,男,22,202103140402,中文系,文言文,acfaf123551,,
韩心媛,男,25,202103140403,创业系,创业指导,acfaf123552,,
何启芬,女,21,202103140404,茶叶系,茶叶,acfaf123553,,
何青槐,男,40,202103140405,语言系,英语,acfaf123554,,
尤山柳,男,29,202103140406,计算机系,计算机,acfaf123555,,
金嘉,女,42,202103140407,电商系,电子商务,acfaf123556,,
尹露,女,27,202103140408,音乐系,声乐,acfaf123557,,
曹发弟,女,37,202103140409,考古系,考古,acfaf123558,,
吴苹,女,28,202103140410,中文系,文言文,acfaf123559,,
吕乐萱,男,44,202103140411,创业系,创业指导,acfaf123560,,
严肇琪,男,29,202103140412,茶叶系,茶叶,acfaf123561,,
何秋菊,男,15,202103140413,语言系,英语,acfaf123562,,
严松,男,46,202103140414,计算机系,计算机,acfaf123563,,
戚洪丽,女,17,202103140415,电商系,电子商务,acfaf123564,,
张莉,男,27,202103140416,音乐系,声乐,acfaf123565,,
姜园,女,32,202103140417,考古系,考古,acfaf123566,,
吴花娥,男,37,202103140418,中文系,文言文,acfaf123567,,
寇冰彤,女,26,202103140419,创业系,创业指导,acfaf123568,,
姜婷,男,30,202103140420,茶叶系,茶叶,acfaf123569,,
陈莉,女,27,202103140421,创业系,创业指导,acfaf123570,,
姜天春,男,14,202103140422,茶叶系,茶叶,acfaf123571,,
孔良翠,男,19,202103140423,语言系,英语,acfaf123572,,
许绮菱,女,22,202103140424,计算机系,计算机,acfaf123573,,
金梦娇,男,42,202103140425,电商系,电子商务,acfaf123574,,
褚翠,女,48,202103140426,音乐系,声乐,acfaf123575,,
陈美娟,男,28,202103140427,考古系,考古,acfaf123576,,
张玉亭,男,26,202103140428,中文系,文言文,acfaf123577,,
冯妹妹,男,14,202103140429,语言系,英语,acfaf123578,,
秦瑞进,男,25,202103140430,计算机系,计算机,acfaf123579,,
魏枝,女,33,202103140431,电商系,电子商务,acfaf123580,,
冯万敏,女,46,202103140432,音乐系,声乐,acfaf123581,,
张子彤,男,23,202103140433,考古系,考古,acfaf123582,,
曹灵竹,男,26,202103140434,中文系,文言文,acfaf123583,,
蒋凌珍,女,16,202103140435,语言系,英语,acfaf123584,,
褚铠沣,女,36,202103140436,计算机系,计算机,acfaf123585,,
尤德群,男,21,202103140437,电商系,电子商务,acfaf123586,,
李瑶,女,29,202103140438,音乐系,声乐,acfaf123587,,
曹茜,男,20,202103140439,考古系,考古,acfaf123588,,
王琰,男,47,202103140440,语言系,英语,acfaf123589,,
朱兰燕,女,14,202103140441,计算机系,计算机,acfaf123590,,
朱雪,男,47,202103140442,电商系,电子商务,acfaf123591,,
党慧娟,女,23,202103140443,音乐系,声乐,acfaf123592,,
姜紫君,男,18,202103140444,考古系,考古,acfaf123593,,
韩雪梅,女,26,202103140445,中文系,文言文,acfaf123594,,
孙兰燕,女,25,202103140446,创业系,创业指导,acfaf123595,,
褚凝,女,30,202103140447,茶叶系,茶叶,acfaf123596,,
金光琴,男,25,202103140448,音乐系,声乐,acfaf123597,,
魏可,女,33,202103140449,考古系,考古,acfaf123598,,
何章洪,女,45,202103140450,语言系,英语,acfaf123599,,
朱心媛,女,43,202103140451,计算机系,计算机,acfaf123600,,
褚胜敏,女,31,202103140452,电商系,电子商务,acfaf123601,,
孙影,女,36,202103140453,音乐系,声乐,acfaf123602,,
王沛文,女,31,202103140454,考古系,考古,acfaf123603,,
蒋尔珍,男,35,202103140455,语言系,英语,acfaf123604,,
褚羽,女,44,202103140456,计算机系,计算机,acfaf123605,,
魏红,女,25,202103140457,电商系,电子商务,acfaf123606,,
施朱婷,男,19,202103140458,音乐系,声乐,acfaf123607,,
闻人丽丽,女,25,202103140459,考古系,考古,acfaf123608,,
卫绮菱,男,24,202103140460,计算机系,计算机,acfaf123609,,
杨紫君,男,34,202103140461,电商系,电子商务,acfaf123610,,
戚育彤,女,14,202103140462,计算机系,计算机,acfaf123611,,
戚慧娟,女,15,202103140463,电商系,电子商务,acfaf123612,,
陶梦娇,女,45,202103140464,音乐系,声乐,acfaf123613,,
施杰,女,46,202103140465,考古系,考古,acfaf123614,,
陶彤,女,29,202103140466,中文系,文言文,acfaf123615,,
王子彤,男,29,202103140467,创业系,创业指导,acfaf123616,,
孔瑶,女,34,202103140468,茶叶系,茶叶,acfaf123617,,
严元珊,男,40,202103140469,创业系,创业指导,acfaf123618,,
萧访枫,女,26,202103140470,茶叶系,茶叶,acfaf123619,,
冯江霞,男,24,202103140471,语言系,英语,acfaf123620,,
曹春燕,男,15,202103140472,计算机系,计算机,acfaf123621,,
水霭,男,41,202103140473,电商系,电子商务,acfaf123622,,
吕瑶,女,34,202103140474,计算机系,计算机,acfaf123623,,
花艳红,男,20,202103140475,电商系,电子商务,acfaf123624,,
曹亚梅,女,23,202103140476,音乐系,声乐,acfaf123625,,
许露,男,19,202103140477,考古系,考古,acfaf123626,,
曹念梅,男,22,202103140478,中文系,文言文,acfaf123627,,
褚慧娟,男,30,202103140479,创业系,创业指导,acfaf123628,,
彭菜玲,女,20,202103140480,茶叶系,茶叶,acfaf123629,,
魏念梅,男,23,202103140481,创业系,创业指导,acfaf123630,,
周明红,女,41,202103140482,茶叶系,茶叶,acfaf123631,,
谢显丽,男,20,202103140483,计算机系,计算机,acfaf123632,,
金莺,男,29,202103140484,电商系,电子商务,acfaf123633,,
陈雨祺,男,23,202103140485,音乐系,声乐,acfaf123634,,
郑红燕,女,27,202103140486,考古系,考古,acfaf123635,,
戚侦,女,28,202103140487,中文系,文言文,acfaf123636,,
韦秀,女,43,202103140488,创业系,创业指导,acfaf123637,,
华桂兰,女,44,202103140489,茶叶系,茶叶,acfaf123638,,
许琴,男,45,202103140490,创业系,创业指导,acfaf123639,,
陈幻波,男,27,202103140491,茶叶系,茶叶,acfaf123640,,
沈园,男,33,202103140492,语言系,英语,acfaf123641,,
郑厚菊,女,18,202103140493,计算机系,计算机,acfaf123642,,
沈夜白,女,13,202103140494,电商系,电子商务,acfaf123643,,
沈代云,女,43,202103140495,音乐系,声乐,acfaf123644,,
吴蓉,男,35,202103140496,考古系,考古,acfaf123645,,
李光桃,男,23,202103140497,中文系,文言文,acfaf123646,,
魏敏,女,23,202103140498,创业系,创业指导,acfaf123647,,
孙艳红,女,43,202103140499,茶叶系,茶叶,acfaf123648,,
姜璧,女,38,202103140500,创业系,创业指导,acfaf123649,,
濮文静,男,31,202103140501,茶叶系,茶叶,acfaf123650,,
毕太群,女,22,202103140502,语言系,英语,acfaf123651,,
曹筠,女,14,202103140503,计算机系,计算机,acfaf123652,,
戚有菊,女,13,202103140504,电商系,电子商务,acfaf123653,,
孔馨语,女,27,202103140505,音乐系,声乐,acfaf123654,,
蒋欣,男,26,202103140506,考古系,考古,acfaf123655,,
刘芹瑞,男,19,202103140507,计算机系,计算机网络,59890,,
刘原瑞,男,20,202103140508,计算机系,计算机网络,971763,,
刘倍瑞,男,20,202103140509,计算机系,计算机网络,70412,,
刘芮荣,男,18,202103140510,计算机系,计算机网络,667154,,
刘恒瑞,男,18,202103140511,计算机系,计算机网络,477037,,
刘洪瑞,男,21,202103140512,计算机系,计算机网络,924060,,
刘纹瑞,男,19,202103140513,计算机系,计算机网络,924097,,
刘朗瑞,男,21,202103140514,计算机系,计算机网络,368243,,
刘修纲,男,19,202103140515,计算机系,计算机网络,400758,,
刘真纲,男,18,202103140516,计算机系,计算机网络,635780,,
刘祖纲,男,20,202103140517,计算机系,计算机网络,836978,,
刘纹语,男,18,202103140518,计算机系,计算机网络,42183,,
刘朗语,男,21,202103140519,计算机系,计算机网络,163297,,
刘玲语,男,18,202103140520,计算机系,计算机网络,440431,,
刘柏荣,男,19,202103140521,计算机系,计算机网络,371070,,
刘芳荣,男,18,202103140522,计算机系,计算机网络,460163,,
刘柏纲,男,21,202103140523,计算机系,计算机网络,773097,,
刘芳纲,男,20,202103140524,计算机系,计算机网络,571626,,
刘烜绮,女,20,202103140525,计算机系,计算机网络,920759,,
刘容绮,女,21,202103140526,计算机系,计算机网络,127678,,
刘甜瑗,女,18,202103140527,计算机系,计算机网络,569870,,
刘芮瑗,女,19,202103140528,计算机系,计算机网络,729494,,
刘毕瑗,女,19,202103140529,计算机系,计算机网络,287068,,
刘原瑗,女,18,202103140530,计算机系,计算机网络,316353,,
刘倍瑗,女,19,202103140531,计算机系,计算机网络,105490,,
刘航瑗,女,21,202103140532,计算机系,计算机网络,517600,,
刘恒瑗,女,21,202103140533,计算机系,计算机网络,98286,,
刘洪瑗,女,18,202103140534,计算机系,计算机网络,433334,,
刘纹瑗,女,20,202103140535,计算机系,计算机网络,932129,,
刘朗瑗,女,20,202103140536,计算机系,计算机网络,407614,,
刘玲瑗,女,20,202103140537,计算机系,计算机网络,277877,,
刘伦瑗,女,20,202103140538,计算机系,计算机网络,74595,,
刘偌瑗,女,18,202103140539,计算机系,计算机网络,563367,,
刘纾瑗,女,19,202103140540,计算机系,计算机网络,713367,,
刘甜瑗,女,20,202103140541,计算机系,计算机网络,387117,,
刘烜瑗,女,19,202103140542,计算机系,计算机网络,271502,,
刘容瑗,女,18,202103140543,计算机系,计算机网络,81611,,
刘甜瑜,女,21,202103140544,计算机系,计算机网络,757094,,
刘芮瑜,女,18,202103140545,计算机系,计算机网络,402143,,
刘毕瑜,女,19,202103140546,计算机系,计算机网络,835727,,
刘芳瑜,女,21,202103140547,计算机系,计算机网络,285497,,
刘容瑜,女,21,202103140548,计算机系,计算机网络,37667,,
刘甜瑞,女,21,202103140549,计算机系,计算机网络,328512,,
刘芮瑞,女,18,202103140550,计算机系,计算机网络,83298,,
刘毕瑞,女,20,202103140551,计算机系,计算机网络,780561,,
刘芳瑞,女,21,202103140552,计算机系,计算机网络,234028,,
刘修绯,男,19,202103140553,计算机系,计算机网络,806335,,
刘真绯,男,19,202103140554,计算机系,计算机网络,18326,,
刘祖绯,男,20,202103140555,计算机系,计算机网络,144285,,
刘柏绯,男,19,202103140556,计算机系,计算机网络,94912,,
刘朗纲,男,20,202103140557,计算机系,计算机网络,502823,,
刘玲纲,男,18,202103140558,计算机系,计算机网络,230805,,
刘伦纲,男,18,202103140559,计算机系,计算机网络,423305,,
刘偌纲,男,21,202103140560,计算机系,计算机网络,631409,,
刘原纲,男,19,202103140561,计算机系,计算机网络,470094,,
刘倍纲,男,20,202103140562,计算机系,计算机网络,416523,,
刘容萃,男,19,202103140563,计算机系,计算机网络,793581,,
刘甜菁,男,19,202103140564,计算机系,计算机网络,836038,,
刘芮菁,男,19,202103140565,计算机系,计算机网络,553555,,
刘毕菁,男,19,202103140566,计算机系,计算机网络,122503,,
刘芳菁,男,19,202103140567,计算机系,计算机网络,904415,,
刘纯菁,男,18,202103140568,计算机系,计算机网络,991113,,
刘珏菁,男,19,202103140569,计算机系,计算机网络,61529,,
刘姬菁,男,20,202103140570,计算机系,计算机网络,812894,,
刘衍鸣,男,18,202103140571,计算机系,计算机网络,133808,,
刘洋鸣,男,19,202103140572,计算机系,计算机网络,740470,,
刘甜纲,男,20,202103140573,计算机系,计算机网络,885415,,
刘烜纲,男,21,202103140574,计算机系,计算机网络,66518,,
刘芳绯,男,18,202103140575,计算机系,计算机网络,956468,,
刘烜炜,男,19,202103140576,计算机系,计算机网络,499382,,
刘容炜,男,21,202103140577,计算机系,计算机网络,623703,,
刘毕荣,男,18,202103140578,计算机系,计算机网络,632850,,
刘时荣,男,21,202103140579,计算机系,计算机网络,342362,,
刘书荣,男,20,202103140580,计算机系,计算机网络,96719,,
刘素荣,男,19,202103140581,计算机系,计算机网络,313738,,
刘珊荣,男,18,202103140582,计算机系,计算机网络,445186,,
刘芭荣,男,19,202103140583,计算机系,计算机网络,559442,,
刘衍荣,男,18,202103140584,计算机系,计算机网络,9417,,
刘洋荣,男,19,202103140585,计算机系,计算机网络,413187,,
刘十荣,男,19,202103140586,计算机系,计算机网络,590807,,
刘恒绯,男,19,202103140587,计算机系,计算机网络,943789,,
刘洪绯,男,18,202103140588,计算机系,计算机网络,457045,,
刘纹绯,男,20,202103140589,计算机系,计算机网络,759175,,
刘朗绯,男,18,202103140590,计算机系,计算机网络,659716,,
刘玲绯,男,20,202103140591,计算机系,计算机网络,859804,,
刘伦绯,男,18,202103140592,计算机系,计算机网络,313310,,
刘纾绯,男,18,202103140593,计算机系,计算机网络,835895,,
刘双兆,男,19,202103140594,计算机系,计算机网络,352415,,
刘双安,男,21,202103140595,计算机系,计算机网络,877744,,
刘双亦,男,21,202103140596,计算机系,计算机网络,921403,,
刘双宇,男,20,202103140597,计算机系,计算机网络,357502,,
刘双成,男,18,202103140598,计算机系,计算机网络,375454,,
刘鹃丞,男,21,202103140599,计算机系,计算机网络,543825,,
刘鹃吉,男,19,202103140600,计算机系,计算机网络,369373,,
刘鹃戎,男,18,202103140601,计算机系,计算机网络,982349,,
刘鹃旭,男,21,202103140602,计算机系,计算机网络,869768,,
刘鹃竹,男,21,202103140603,计算机系,计算机网络,625743,,
刘鹃百,男,18,202103140604,计算机系,计算机网络,759451,,
刘鹃冰,男,20,202103140605,计算机系,计算机网络,605321,,
刘鹃光,男,19,202103140606,计算机系,计算机网络,643998,,
刘鹃同,男,20,202103140607,计算机系,计算机网络,374460,,
刘鹃兆,男,18,202103140608,计算机系,计算机网络,597295,,
刘鹃安,男,21,202103140609,计算机系,计算机网络,675946,,
刘鹃亦,男,19,202103140610,计算机系,计算机网络,587649,,
刘鹃宇,男,19,202103140611,计算机系,计算机网络,225888,,
刘鹃羽,男,20,202103140612,计算机系,计算机网络,378351,,
刘鹃成,男,19,202103140613,计算机系,计算机网络,957205,,
刘瑷丞,男,18,202103140614,计算机系,计算机网络,496466,,
刘瑷如,男,21,202103140615,计算机系,计算机网络,610936,,
刘瑷吉,男,21,202103140616,计算机系,计算机网络,270191,,
刘瑷戎,男,20,202103140617,计算机系,计算机网络,995661,,
刘瑷旭,男,21,202103140618,计算机系,计算机网络,725666,,
刘瑷竹,男,21,202103140619,计算机系,计算机网络,890747,,
刘瑷百,男,21,202103140620,计算机系,计算机网络,832404,,
刘瑷冰,男,21,202103140621,计算机系,计算机网络,450847,,
刘瑷光,男,20,202103140622,计算机系,计算机网络,298398,,
刘瑷同,男,21,202103140623,计算机系,计算机网络,428408,,
刘瑷兆,男,20,202103140624,计算机系,计算机网络,539023,,
刘瑷安,男,21,202103140625,计算机系,计算机网络,711240,,
刘双冰,男,21,202103140626,计算机系,计算机网络,836892,,
刘双同,男,20,202103140627,计算机系,计算机网络,594644,,
刘双兆,男,19,202103140628,计算机系,计算机网络,836593,,
刘双安,男,18,202103140629,计算机系,计算机网络,62200,,
刘双亦,男,19,202103140630,计算机系,计算机网络,249392,,
刘双宇,男,18,202103140631,计算机系,计算机网络,148653,,
刘双羽,男,21,202103140632,计算机系,计算机网络,911153,,
刘双成,男,20,202103140633,计算机系,计算机网络,277269,,
刘鹄丞,男,20,202103140634,计算机系,计算机网络,576475,,
刘鹄如,男,21,202103140635,计算机系,计算机网络,714819,,
刘鹄吉,男,20,202103140636,计算机系,计算机网络,487743,,
刘鹄戎,男,19,202103140637,计算机系,计算机网络,183708,,
刘鹄行,男,18,202103140638,计算机系,计算机网络,960580,,
刘鹄亦,男,20,202103140639,计算机系,计算机网络,446353,,
刘鹄宇,男,21,202103140640,计算机系,计算机网络,492979,,
刘鹄羽,男,20,202103140641,计算机系,计算机网络,788469,,
刘骐丞,男,19,202103140642,计算机系,计算机网络,317475,,
刘骐如,男,19,202103140643,计算机系,计算机网络,542039,,
刘骐先,男,21,202103140644,计算机系,计算机网络,81366,,
刘骐吉,男,18,202103140645,计算机系,计算机网络,319333,,
刘骐戎,男,19,202103140646,计算机系,计算机网络,76255,,
刘骐旭,男,19,202103140647,计算机系,计算机网络,390627,,
刘骐竹,男,19,202103140648,计算机系,计算机网络,674878,,
刘骐百,男,19,202103140649,计算机系,计算机网络,951866,,
刘骐冰,男,21,202103140650,计算机系,计算机网络,837212,,
刘骐合,男,20,202103140651,计算机系,计算机网络,672992,,
刘骐向,男,20,202103140652,计算机系,计算机网络,430433,,
刘骐行,男,19,202103140653,计算机系,计算机网络,13268,,
刘骐光,男,19,202103140654,计算机系,计算机网络,944168,,
刘骐全,男,20,202103140655,计算机系,计算机网络,312291,,
刘骐同,男,20,202103140656,计算机系,计算机网络,956239,,
刘骐兆,男,19,202103140657,计算机系,计算机网络,412203,,
刘骐安,男,19,202103140658,计算机系,计算机网络,688227,,
刘骐亦,男,19,202103140659,计算机系,计算机网络,459309,,
刘骐宇,男,21,202103140660,计算机系,计算机网络,308181,,
刘骐羽,男,21,202103140661,计算机系,计算机网络,928953,,
刘骐成,男,20,202103140662,计算机系,计算机网络,975772,,
刘双丞,男,20,202103140663,计算机系,计算机网络,390293,,
刘双如,男,18,202103140664,计算机系,计算机网络,406229,,
刘双先,男,18,202103140665,计算机系,计算机网络,488004,,
刘双吉,男,19,202103140666,计算机系,计算机网络,207669,,
刘双戎,男,19,202103140667,计算机系,计算机网络,149919,,
刘双旭,男,18,202103140668,计算机系,计算机网络,510479,,
刘双竹,男,20,202103140669,计算机系,计算机网络,252180,,
刘双百,男,20,202103140670,计算机系,计算机网络,952304,,
刘双冰,男,21,202103140671,计算机系,计算机网络,219999,,
刘双合,男,21,202103140672,计算机系,计算机网络,347983,,
刘双向,男,18,202103140673,计算机系,计算机网络,991807,,
刘双行,男,21,202103140674,计算机系,计算机网络,442631,,
刘双光,男,19,202103140675,计算机系,计算机网络,557846,,
刘双年,男,19,202103140676,计算机系,计算机网络,6407,,
刘双全,男,21,202103140677,计算机系,计算机网络,668324,,
刘飚吉,男,21,202103140678,计算机系,计算机网络,16172,,
刘飚戎,男,19,202103140679,计算机系,计算机网络,424560,,
刘飚旭,男,20,202103140680,计算机系,计算机网络,513406,,
刘飚竹,男,21,202103140681,计算机系,计算机网络,444168,,
刘飚百,男,21,202103140682,计算机系,计算机网络,526123,,
刘飚冰,男,20,202103140683,计算机系,计算机网络,986165,,
刘飚合,男,21,202103140684,计算机系,计算机网络,241293,,
刘飚向,男,20,202103140685,计算机系,计算机网络,795160,,
刘飚行,男,19,202103140686,计算机系,计算机网络,334207,,
刘双竹,男,21,202103140687,计算机系,计算机网络,410028,,
刘双百,男,19,202103140688,计算机系,计算机网络,461030,,
刘骐弛,男,20,202103140689,计算机系,计算机网络,272953,,
刘恒炜,男,19,202103140690,计算机系,计算机网络,863418,,
刘洪炜,男,18,202103140691,计算机系,计算机网络,959588,,
刘纹炜,男,21,202103140692,计算机系,计算机网络,617590,,
刘玲僮,男,18,202103140693,计算机系,计算机网络,800725,,
刘伦僮,男,18,202103140694,计算机系,计算机网络,87341,,
刘偌僮,男,21,202103140695,计算机系,计算机网络,331866,,
刘纾僮,男,20,202103140696,计算机系,计算机网络,217055,,
刘甜僮,男,20,202103140697,计算机系,计算机网络,473580,,
刘毕宁,男,19,202103140698,计算机系,计算机网络,983739,,
刘芳宁,男,21,202103140699,计算机系,计算机网络,688991,,
刘姬纲,男,20,202103140700,计算机系,计算机网络,304799,,
刘原萃,男,21,202103140701,计算机系,计算机网络,246235,,
刘芳宁,男,19,202103140702,计算机系,计算机网络,382610,,
刘芹瑜,男,21,202103140703,计算机系,计算机网络,697954,,
刘原瑜,男,21,202103140704,计算机系,计算机网络,497676,,
刘倍瑜,男,19,202103140705,计算机系,计算机网络,560085,,
刘原菁,男,18,202103140706,计算机系,计算机网络,174103,,
王晔伟,男,21,202103140707,茶叶系,茶加工,20210001,,
黄彭涛,男,22,202103140708,茶叶系,茶加工,20210002,,
张炎彬,男,21,202103140709,茶叶系,茶加工,20210003,,
李伟泽,男,19,202103140710,茶叶系,茶加工,20210004,,
周俊浩,男,20,202103140711,茶叶系,茶加工,20210005,,
许君豪,男,19,202103140712,茶叶系,茶加工,20210006,,
曾君,男,20,202103140713,茶叶系,茶加工,20210007,,
曾佳,男,21,202103140714,茶叶系,茶加工,20210008,,
王益,男,22,202103140715,茶叶系,茶加工,20210009,,
张能,男,18,202103140716,茶叶系,茶加工,20210010,,
秦皇,男,22,202103140717,茶叶系,茶加工,20210011,,
张希,男,23,202103140718,茶叶系,茶加工,20210012,,
章涛,男,21,202103140719,茶叶系,茶加工,20210013,,
刘汉,男,22,202103140720,茶叶系,茶加工,20210014,,
王威,男,20,202103140721,茶叶系,茶加工,20210015,,
王蔚,男,21,202103140722,茶叶系,茶加工,20210016,,
黄中,男,22,202103140723,茶叶系,茶加工,20210017,,
黄华,男,22,202103140724,茶叶系,茶加工,20210018,,
黄希,男,23,202103140725,茶叶系,茶加工,20210019,,
张华,男,24,202103140726,茶叶系,茶加工,20210020,,
黄标,男,23,202103140727,茶叶系,茶加工,20210021,,
黄伟,男,21,202103140728,茶叶系,茶加工,20210022,,
黄文,男,20,202103140729,茶叶系,茶加工,20210023,,
黄光,男,24,202103140730,茶叶系,茶加工,20210024,,
黄科,男,22,202103140731,茶叶系,茶加工,20210025,,
黄少,男,20,202103140732,茶叶系,茶加工,20210026,,
黄乐,男,19,202103140733,茶叶系,茶加工,20210027,,
黄家,男,18,202103140734,茶叶系,茶加工,20210028,,
黄志,男,23,202103140735,茶叶系,茶加工,20210029,,
黄远,男,20,202103140736,茶叶系,茶加工,20210030,,
张梦涛,男,18,202103140737,茶叶系,茶加工,20210031,,
黄雪,女,18,202103140738,茶叶系,茶加工,20210032,,
杨远,男,19,202103140739,茶叶系,茶加工,20210033,,
谢谦,男,18,202103140740,茶叶系,茶加工,20210034,,
谢海,男,19,202103140741,茶叶系,茶加工,20210035,,
秦莹,女,17,202103140742,茶叶系,茶加工,20210036,,
李颖,女,18,202103140743,茶叶系,茶加工,20210037,,
王涵,女,20,202103140744,茶叶系,茶加工,20210038,,
张艳,女,21,202103140745,茶叶系,茶加工,20210039,,
刘峰,男,22,202103140746,茶叶系,茶加工,20210040,,
刘丹,女,23,202103140747,茶叶系,茶加工,20210041,,
刘薇,女,21,202103140748,茶叶系,茶加工,20210042,,
周军,男,20,202103140749,茶叶系,茶加工,20210043,,
周海,男,18,202103140750,茶叶系,茶加工,20210044,,
王惠,女,19,202103140751,茶叶系,茶加工,20210045,,
肖跃,男,20,202103140752,茶叶系,茶加工,20210046,,
方楠,男,19,202103140753,茶叶系,茶加工,20210047,,
王慧,女,20,202103140754,茶叶系,茶加工,20210048,,
王琳,女,19,202103140755,茶叶系,茶加工,20210049,,
王山柏,男,23,202103140756,茶叶系,茶加工,20210050,,
黄梦琪,女,19,202103140757,教育系,学期教育,20210051,,
许慕青,女,17,202103140758,教育系,学期教育,20210052,,
吴问兰,女,21,202103140759,教育系,学期教育,20210053,,
张尔兰,女,22,202103140760,教育系,学期教育,20210054,,
陈元香,女,20,202103140761,教育系,学期教育,20210055,,
谢初夏,女,22,202103140762,教育系,学期教育,20210056,,
许沛涵,女,23,202103140763,教育系,学期教育,20210057,,
张春儿,女,21,202103140764,教育系,学期教育,20210058,,
许梦薇,女,22,202103140765,教育系,学期教育,20210059,,
李寻春,女,24,202103140766,教育系,学期教育,20210060,,
王黛,女,23,202103140767,教育系,学期教育,20210061,,
李半梦,女,22,202103140768,教育系,学期教育,20210062,,
黄冰蓝,女,20,202103140769,教育系,学期教育,20210063,,
黄书翠,女,21,202103140770,教育系,学期教育,20210064,,
李梦松,女,21,202103140771,教育系,学期教育,20210065,,
黄听白,女,21,202103140772,教育系,学期教育,20210066,,
杨鸿雁,女,22,202103140773,教育系,学期教育,20210067,,
谢雅,女,24,202103140774,教育系,学期教育,20210068,,
张蕊,女,23,202103140775,教育系,学期教育,20210069,,
郑馨,女,22,202103140776,教育系,学期教育,20210070,,
黄馨,女,20,202103140777,教育系,学期教育,20210071,,
李彤,女,21,202103140778,教育系,学期教育,20210072,,
李梦,女,21,202103140779,教育系,学期教育,20210073,,
许青,女,20,202103140780,教育系,学期教育,20210074,,
许岚,女,18,202103140781,教育系,学期教育,20210075,,
张瑶,女,18,202103140782,教育系,学期教育,20210076,,
王瑶,女,19,202103140783,教育系,学期教育,20210077,,
黄遥,女,18,202103140784,教育系,学期教育,20210078,,
肖晶,女,19,202103140785,教育系,学期教育,20210079,,
黄瑾,女,17,202103140786,教育系,学期教育,20210080,,
李晟,女,18,202103140787,教育系,学期教育,20210081,,
张蓝,女,20,202103140788,教育系,学期教育,20210082,,
钟兰,女,21,202103140789,教育系,学期教育,20210083,,
熊瑶,女,22,202103140790,教育系,学期教育,20210084,,
周星,女,23,202103140791,教育系,学期教育,20210085,,
黄倩,女,21,202103140792,教育系,学期教育,20210086,,
李琴,女,20,202103140793,教育系,学期教育,20210087,,
黄霖,女,18,202103140794,教育系,学期教育,20210088,,
黄奕,女,19,202103140795,教育系,学期教育,20210089,,
黄宇,女,20,202203140001,教育系,学期教育,20210090,,
张琳,女,19,202203140002,教育系,学期教育,20210091,,
许仙,女,20,202203140003,教育系,学期教育,20210092,,
李风,女,19,202203140004,教育系,学期教育,20210093,,
吴兰,女,23,202203140005,教育系,学期教育,20210094,,
赵喜,女,19,202203140006,教育系,学期教育,20210095,,
肖柔,女,23,202203140007,教育系,学期教育,20210096,,
李婉,女,21,202203140008,教育系,学期教育,20210097,,
张澜,女,22,202203140009,教育系,学期教育,20210098,,
曾宁,女,20,202203140010,教育系,学期教育,20210099,,
王琪,女,19,202203140011,教育系,学期教育,20210100,,
王兵炎,男,21,202203140012,商旅系,旅游管理,20210101,,
朱非,男,22,202203140013,商旅系,旅游管理,20210102,,
刘强,男,21,202203140014,商旅系,旅游管理,20210103,,
徐穆,男,19,202203140015,商旅系,旅游管理,20210104,,
张文滔,男,20,202203140016,商旅系,旅游管理,20210105,,
泠天,男,19,202203140017,商旅系,旅游管理,20210106,,
黄俊夫,男,20,202203140018,商旅系,旅游管理,20210107,,
王雪茹,男,21,202203140019,商旅系,旅游管理,20210108,,
陈诚,男,22,202203140020,商旅系,旅游管理,20210109,,
蓝林森,男,18,202203140021,商旅系,旅游管理,20210110,,
冉利娜,男,22,202203140022,商旅系,旅游管理,20210111,,
段鸿迪,男,23,202203140023,商旅系,旅游管理,20210112,,
颜椿,男,21,202203140024,商旅系,旅游管理,20210113,,
陈晓飞,男,22,202203140025,商旅系,旅游管理,20210114,,
宋惠,男,20,202203140026,商旅系,旅游管理,20210115,,
李艺阳,男,21,202203140027,商旅系,旅游管理,20210116,,
刘璋,男,22,202203140028,商旅系,旅游管理,20210117,,
陈萧萧,男,22,202203140029,商旅系,旅游管理,20210118,,
王军辉,男,23,202203140030,商旅系,旅游管理,20210119,,
钟阜文,男,24,202203140031,商旅系,旅游管理,20210120,,
赵婉竹,男,23,202203140032,商旅系,旅游管理,20210121,,
杨菲尔,男,21,202203140033,商旅系,旅游管理,20210122,,
杨倩,男,20,202203140034,商旅系,旅游管理,20210123,,
邓宸,男,24,202203140035,商旅系,旅游管理,20210124,,
姜俊豪,女,22,202203140036,商旅系,旅游管理,20210125,,
王奕思,女,20,202203140037,商旅系,旅游管理,20210126,,
丁冠华,女,19,202203140038,商旅系,旅游管理,20210127,,
赵卓,女,18,202203140039,商旅系,旅游管理,20210128,,
喻晓,女,23,202203140040,商旅系,旅游管理,20210129,,
陈思明,女,20,202203140041,商旅系,旅游管理,20210130,,
沈晔,女,18,202203140042,商旅系,旅游管理,20210131,,
张宇翔,女,18,202203140043,商旅系,旅游管理,20210132,,
李静丽,女,19,202203140044,商旅系,旅游管理,20210133,,
毛健男,女,18,202203140045,商旅系,旅游管理,20210134,,
程有怡,女,19,202203140046,商旅系,旅游管理,20210135,,
王正一,女,17,202203140047,商旅系,旅游管理,20210136,,
邓文琳,女,18,202203140048,商旅系,旅游管理,20210137,,
梁方茹,女,20,202203140049,商旅系,旅游管理,20210138,,
卫俊男,女,21,202203140050,商旅系,旅游管理,20210139,,
赵岁,女,22,202203140051,商旅系,旅游管理,20210140,,
樊冰沁,女,23,202203140052,商旅系,旅游管理,20210141,,
刘芳利,女,21,202203140053,商旅系,旅游管理,20210142,,
魏馨,女,20,202203140054,商旅系,旅游管理,20210143,,
王梦媛,女,18,202203140055,商旅系,旅游管理,20210144,,
李昊,女,19,202203140056,商旅系,旅游管理,20210145,,
朱岳,女,20,202203140057,商旅系,旅游管理,20210146,,
吴柳青,女,19,202203140058,商旅系,旅游管理,20210147,,
张任月,女,20,202203140059,商旅系,旅游管理,20210148,,
申坤,女,19,202203140060,商旅系,旅游管理,20210149,,
鲁雪芹,女,20,202203140061,商旅系,旅游管理,20210150,,
王倩,男,21,202203140062,电商系,计算机网络,20210151,,
李萌,男,22,202203140063,电商系,计算机网络,20210152,,
顾奕,男,21,202203140064,电商系,计算机网络,20210153,,
黄怡,男,19,202203140065,电商系,计算机网络,20210154,,
曾宸,男,20,202203140066,电商系,计算机网络,20210155,,
沙金,男,19,202203140067,电商系,计算机网络,20210156,,
赖琪,男,20,202203140068,电商系,计算机网络,20210157,,
王涛,男,21,202203140069,电商系,计算机网络,20210158,,
李书,男,22,202203140070,电商系,计算机网络,20210159,,
王毅,男,18,202203140071,电商系,计算机网络,20210160,,
张鹏,男,22,202203140072,电商系,计算机网络,20210161,,
韩芳,男,23,202203140073,电商系,计算机网络,20210162,,
周扬,男,21,202203140074,电商系,计算机网络,20210163,,
黄阳,男,22,202203140075,电商系,计算机网络,20210164,,
钱森,男,20,202203140076,电商系,计算机网络,20210165,,
钱学,男,21,202203140077,电商系,计算机网络,20210166,,
黄旭,男,22,202203140078,电商系,计算机网络,20210167,,
张力,男,22,202203140079,电商系,计算机网络,20210168,,
邓清舟,男,23,202203140080,电商系,计算机网络,20210169,,
王聪,男,24,202203140081,电商系,计算机网络,20210170,,
柳恒,男,23,202203140082,电商系,计算机网络,20210171,,
黄彬,男,21,202203140083,电商系,计算机网络,20210172,,
张梁,男,20,202203140084,电商系,计算机网络,20210173,,
黄恒,男,24,202203140085,电商系,计算机网络,20210174,,
廖琪,男,22,202203140086,电商系,计算机网络,20210175,,
张云,男,20,202203140087,电商系,计算机网络,20210176,,
王奕方,男,19,202203140088,电商系,计算机网络,20210177,,
唐三,男,18,202203140089,电商系,计算机网络,20210178,,
吴道,男,23,202203140090,电商系,计算机网络,20210179,,
邹俊,男,20,202203140091,电商系,计算机网络,20210180,,
李渊,男,18,202203140092,电商系,计算机网络,20210181,,
李鹏辉,男,18,202203140093,电商系,计算机网络,20210182,,
李丹,男,19,202203140094,电商系,计算机网络,20210183,,
王维,男,18,202203140095,电商系,计算机网络,20210184,,
谢潵,男,19,202203140096,电商系,计算机网络,20210185,,
李敖,男,17,202203140097,电商系,计算机网络,20210186,,
廖畅,男,18,202203140098,电商系,计算机网络,20210187,,
周来,男,20,202203140099,电商系,计算机网络,20210188,,
周恩,男,21,202203140100,电商系,计算机网络,20210189,,
邓超,男,22,202203140101,电商系,计算机网络,20210190,,
邓颖,男,23,202203140102,电商系,计算机网络,20210191,,
邓平,男,21,202203140103,电商系,计算机网络,20210192,,
邓小,男,20,202203140104,电商系,计算机网络,20210193,,
王华,男,18,202203140105,电商系,计算机网络,20210194,,
凌月,男,19,202203140106,电商系,计算机网络,20210195,,
秦瑶,男,20,202203140107,电商系,计算机网络,20210196,,
姚欣,男,19,202203140108,电商系,计算机网络,20210197,,
张辽,男,20,202203140109,电商系,计算机网络,20210198,,
李楠,男,19,202203140110,电商系,计算机网络,20210199,,
周期,男,20,202203140111,电商系,计算机网络,20210200,,
叶眉,男,19,202203140112,茶业系,茶业,1234,,
施春,女,21,202203140113,网络系,计算机网络,111,,
吕布,男,19,202203140114,艺术系,艺术,1111,,
戚雅,女,20,202203140115,网络系,电商,126,,
秦羽,男,19,202203140116,商业系,商务贸易,222,,
陈春,女,21,202203140117,外语系,英语,128,,
凯敏,男,21,202203140118,外语系,语言外贸,22222,,
沈惠,女,21,202203140119,茶业系,茶文化,130,,
韩蓓,男,22,202203140120,网络系,计算机网络,33332,,
严丹,女,21,202203140121,艺术系,艺术,132,,
周婷,男,21,202203140122,网络系,电商,133,,
陶园,女,30,202203140123,商业系,茶业,2,,
冯琰,男,21,202203140124,外语系,计算机网络,211,,
朱君,女,21,202203140125,外语系,艺术,136,,
吴倩,男,23,202203140126,茶业系,电商,34243,,
秦莉,女,21,202203140127,网络系,商务贸易,138,,
华平,男,21,202203140128,艺术系,英语,3523423,,
戚珍,女,18,202203140129,网络系,语言外贸,140,,
沈阳,男,21,202203140130,商业系,茶业,342,,
褚念,女,21,202203140131,外语系,计算机网络,142,,
吕磊,男,19,202203140132,外语系,艺术,5334532,,
褚莉,女,21,202203140133,茶业系,电商,144,,
范科,男,21,202203140134,网络系,茶业,345234,,
施雪,女,17,202203140135,艺术系,计算机网络,146,,
蒋通,男,21,202203140136,网络系,艺术,234235,,
冯美,女,21,202203140137,商业系,电商,148,,
王纨,男,19,202203140138,外语系,商务贸易,34535,,
冯吖,女,21,202203140139,外语系,英语,4664576,,
陈睿,男,21,202203140140,茶业系,语言外贸,5756756,,
李雨,女,21,202203140141,网络系,茶业,35345,,
施空,男,18,202203140142,艺术系,计算机网络,153,,
孙枝,女,21,202203140143,网络系,艺术,154,,
沈育,男,18,202203140144,茶业系,电商,456346,,
韩美,女,21,202203140145,网络系,茶业,156,,
钱忠,男,21,202203140146,艺术系,计算机网络,5645634,,
孙女,女,21,202203140147,网络系,艺术,158,,
余亦寒,男,19,202203140148,商业系,电商,5354,,
郑念,女,21,202203140149,外语系,商务贸易,4564,,
杨英,男,21,202203140150,外语系,英语,45634,,
蒋红燕,女,17,202203140151,茶业系,语言外贸,746,,
华昭东,男,21,202203140152,网络系,茶业,4645,,
冯元群,女,21,202203140153,艺术系,计算机网络,6456,,
韩尔珍,男,19,202203140154,网络系,艺术,464,,
尤迎曼,女,21,202203140155,商业系,电商,645,,
蒋彩艳,男,21,202203140156,外语系,茶业,675,,
张海燕,女,19,202203140157,外语系,计算机网络,457,,
何水云,男,21,202203140158,茶业系,艺术,5334,,
吕洪丽,女,21,202203140159,网络系,电商,664,,
严羽,男,20,202203140160,艺术系,商务贸易,867463,,
李园,女,21,202203140161,网络系,英语,172,,
戚涵菡,男,21,202203140162,商业系,语言外贸,173,,
韩融,女,20,202203140163,外语系,茶业,34234,,
朱之念,男,21,202203140164,外语系,计算机网络,175,,
杨翠安,女,23,202203140165,茶业系,艺术,4535345,,
朱月珍,男,21,202203140166,网络系,电商,45647656,,
朱丹珍,女,23,202203140167,艺术系,茶业,456,,
水树平,男,21,202203140168,网络系,计算机网络,34534,,
魏静,女,23,202203140169,商业系,艺术,4645634,,
赵冰露,男,21,202203140170,外语系,电商,34546,,
秦莉,女,23,202203140171,外语系,商务贸易,4564,,
秦海,男,22,202203140172,茶业系,英语,6456,,
张婷,女,21,202203140173,网络系,语言外贸,5434,,
何名,男,22,202203140174,艺术系,茶业,45564,,
朱亚,女,21,202203140175,网络系,计算机网络,64364,,
蒋长,男,22,202203140176,茶业系,艺术,187,,
冯寻,女,21,202203140177,网络系,电商,63646456,,
郑勤,男,21,202203140178,艺术系,茶业,32424,,
何琰,女,21,202203140179,网络系,计算机网络,42342,,
姜阳,男,22,202203140180,商业系,艺术,423432,,
杨丽,女,21,202203140181,外语系,电商,465,,
施夏,男,33,202203140182,外语系,商务贸易,4656,,
张媛,女,21,202203140183,茶业系,英语,464,,
缪艳,男,19,202203140184,网络系,语言外贸,3453,,
孙珍,女,21,202203140185,艺术系,茶业,567,,
严杨,男,18,202203140186,网络系,计算机网络,197,,
施晓,女,21,202203140187,商业系,艺术,198,,
蒋冰,男,21,202203140188,外语系,电商,199,,
魏寒,女,18,202203140189,外语系,茶业,200,,
魏青,男,21,202203140190,茶业系,计算机网络,201,,
施敏,女,19,202203140191,网络系,艺术,202,,
赵阳,男,21,202203140192,艺术系,电商,203,,
魏雅,女,19,202203140193,网络系,商务贸易,204,,
蒋向,男,21,202203140194,商业系,英语,205,,
吕丽,女,18,202203140195,外语系,语言外贸,206,,
卫火,男,21,202203140196,外语系,茶业,207,,
曹娟,女,18,202203140197,茶业系,计算机网络,208,,
孙昌,男,21,202203140198,网络系,艺术,209,,
奚莉,女,18,202203140199,艺术系,电商,210,,
赵锦,男,21,202203140200,网络系,茶业,211,,
许瑞,女,21,202203140201,商业系,计算机网络,212,,
戚飘,男,18,202203140202,外语系,艺术,213,,
葛瑶,女,21,202203140203,外语系,电商,214,,
褚姬,男,21,202203140204,茶业系,商务贸易,215,,
何欣,女,18,202203140205,网络系,英语,216,,
曹清,男,21,202203140206,艺术系,语言外贸,217,,
戚乐,女,21,202203140207,网络系,茶业,218,,
陶婷,男,18,202203140208,茶业系,计算机网络,219,,
沈舒,女,21,202203140209,网络系,艺术,220,,
尤功,男,21,202203140210,艺术系,电商,221,,
张春,女,21,202203140211,网络系,茶业,222,,
秦婷,男,21,202203140212,商业系,计算机网络,223,,
施丽,女,18,202203140213,外语系,艺术,224,,
陈胜,男,21,202203140214,外语系,电商,225,,
蒋琴,女,21,202203140215,茶业系,商务贸易,63453,,
陈聪,男,21,202203140216,网络系,英语,534523,,
施芬,女,23,202203140217,艺术系,语言外贸,228,,
钱多,男,21,202203140218,网络系,茶业,345345,,
孔珊,女,21,202203140219,商业系,计算机网络,230,,
章银,男,21,202203140220,外语系,艺术,645,,
陶思,女,21,202203140221,外语系,电商,3454,,
魏平,男,12,202203140222,茶业系,茶业,233,,
严丽,女,21,202203140223,网络系,计算机网络,456456,,
杨松,男,22,202203140224,艺术系,艺术,856,,
王侦,女,21,202203140225,网络系,电商,8476,,
卫寻,男,32,202203140226,商业系,商务贸易,776465,,
杨乐,女,21,202203140227,外语系,英语,457656,,
傅有,男,12,202203140228,外语系,语言外贸,4664,,
卫艺,女,21,202203140229,茶业系,茶业,68786,,
赵瑞,男,21,202203140230,网络系,计算机网络,75674,,
韩敏,女,19,202203140231,艺术系,艺术,242,,
韩计,男,21,202203140232,网络系,电商,243,,
谢玲,女,21,202203140233,商业系,茶业,244,,
蒋芳,男,21,202203140234,外语系,计算机网络,756746,,
尤甜,女,19,202203140235,外语系,艺术,246,,
郑婷,男,21,202203140236,茶业系,电商,247,,
陶柳,女,21,202203140237,网络系,商务贸易,576467,,
沈睿,男,21,202203140238,艺术系,英语,785757,,
韩馨,女,21,202203140239,网络系,语言外贸,250,,
沈大,男,21,202203140240,茶业系,茶业,251,,
周芬,女,19,202203140241,网络系,计算机网络,7989678,,
陈秋,男,21,202203140242,艺术系,艺术,253,,
金青,女,21,202203140243,网络系,电商,8567,,
华安,男,20,202203140244,商业系,茶业,86574,,
卫婵,女,21,202203140245,外语系,计算机网络,6897,,
周高,男,21,202203140246,外语系,艺术,257,,
王璧,女,21,202203140247,茶业系,电商,258,,
曹瑶,男,20,202203140248,网络系,商务贸易,6897856,,
韩梦,女,21,202203140249,艺术系,英语,260,,
张静,男,21,202203140250,网络系,语言外贸,261,,
金瑶,女,21,202203140251,商业系,茶业,6897856,,
魏柔,男,20,202203140252,外语系,计算机网络,263,,
赵菊,女,21,202203140253,外语系,艺术,7686,,
陈静,男,21,202203140254,茶业系,电商,265,,
朱荷,女,21,202203140255,网络系,茶业,856756,,
许大,男,21,202203140256,艺术系,计算机网络,267,,
伊娟,女,23,202203140257,网络系,艺术,7685,,
施燕,男,21,202203140258,商业系,电商,269,,
郑莺,女,21,202203140259,外语系,商务贸易,5675,,
褚乐,男,21,202203140260,外语系,英语,8567,,
郑燕,女,17,202203140261,茶业系,语言外贸,85675,,
吴瑶,男,21,202203140262,网络系,互联网,273,,
通显,女,21,202203140263,艺术系,计算机网络,274,,
周眉,男,21,202203140264,网络系,艺术,275,,
孔盼,女,17,202203140265,商业系,电商,276,,
周兴,男,21,202203140266,外语系,茶业,3456345,,
蒋露,女,21,202203140267,外语系,计算机网络,278,,
华秋,男,21,202203140268,茶业系,艺术,4656346,,
金姚,女,18,202203140269,网络系,电商,280,,
严二,男,21,202203140270,艺术系,商务贸易,56456,,
华幻,女,21,202203140271,网络系,英语,463,,
陈幻,男,21,202203140272,茶业系,语言外贸,57657,,
韩冷,女,19,202203140273,网络系,茶业,9786,,
李沙,男,21,202203140274,艺术系,计算机网络,285,,
朱绮,女,21,202203140275,网络系,艺术,756745,,
沈亚,男,19,202203140276,商业系,电商,786867,,
冯秋,女,21,202203140277,外语系,茶业,288,,
沈兴,男,21,202203140278,外语系,计算机网络,289,,
月霄,女,21,202203140279,茶业系,艺术,290,,
戚光,男,19,202203140280,网络系,电商,291,,
秦娇,女,21,202203140281,艺术系,商务贸易,645634,,
冯秀,男,21,202203140282,网络系,英语,293,,
金姚,女,21,202203140283,商业系,语言外贸,294,,
严沛,男,21,202203140284,外语系,茶业,295,,
冯冬,女,20,202203140285,外语系,计算机网络,296,,
魏大,男,21,202203140286,茶业系,艺术,7457645,,
韩雪,女,21,202203140287,网络系,电商,897,,
沈隆,男,21,202203140288,艺术系,茶业,299,,
张灵,女,20,202203140289,网络系,计算机网络,4574,,
何明,男,21,202203140290,商业系,艺术,301,,
殷菊,女,21,202203140291,外语系,电商,302,,
卫江,男,19,202203140292,外语系,商务贸易,303,,
吴彩,女,21,202203140293,茶业系,英语,876865,,
陈竹,男,21,202203140294,网络系,语言外贸,305,,
何月,女,21,202203140295,艺术系,茶业,306,,
周鑫,男,19,202203140296,网络系,计算机网络,307,,
曹贼,男,21,202203140297,商业系,艺术,4563,,
吕语,男,21,202203140298,外语系,电商,309,,
尤香,女,21,202203140299,外语系,茶业,768,,
赵君,男,19,202203140300,茶业系,计算机网络,311,,
江霞,女,21,202203140301,网络系,艺术,312,,
施芸,男,21,202203140302,艺术系,电商,76867,,
金莉,女,20,202203140303,网络系,商务贸易,314,,
华春,男,21,202203140304,茶业系,英语,87686,,
韩兰,女,21,202203140305,网络系,语言外贸,316,,
尤琼,男,27,202203140306,艺术系,茶业,8768678,,
夏梅,女,21,202203140307,网络系,计算机网络,756745,,
孔龙,男,25,202203140308,商业系,艺术,45634,,
许瑶,女,20,202203140309,外语系,电商,320,,
吕慧,男,24,202203140310,外语系,茶业,645634,,
许怡,女,23,202203140311,茶业系,计算机网络,74564,,
邹昭东,男,21,202203140312,商旅系,电子商务,gert46,,
吕秋,女,19,202203140313,经济系,旅游管理,ty5576u,,
许尔珍,女,20,202203140314,音乐舞蹈系,计算机与科学技术,hgjyu79,,
施恩珍,男,17,202203140315,计算系,音乐,dggry4,,
秦乐萱,女,21,202203140316,学前教育系,舞蹈,sfs24,,
云静欣,男,22,202203140317,茶业系,茶文化,trthyrt7,,
冯育,男,19,202203140318,艺术系,艺术设计,hyiu8,,
赵倩,女,18,202203140319,化学系,化学教育,stsrwer8,,
莫倩,女,18,202203140320,生物系,学前教育,jtyut78,,
韩倩,男,21,202203140321,音乐舞蹈系,生物科学,5436ugh,,
姜娇娇,女,19,202203140322,商旅系,经济统计,uyu878,,
吕倩,男,20,202203140323,经济系,电子商务,we54ertg5,,
潘菜玲,男,17,202203140324,音乐舞蹈系,旅游管理,hyu7t,,
沈成倩,女,21,202203140325,计算系,计算机与科学技术,sar3q4,,
蒋敏,女,22,202203140326,学前教育系,音乐,gdsf45,,
孙醉薇,男,19,202203140327,茶业系,舞蹈,hyu78,,
吕乐之,女,18,202203140328,艺术系,茶文化,ferq,,
杨良翠,男,18,202203140329,化学系,艺术设计,786khg,,
冯亚,男,20,202203140330,生物系,化学教育,57yrhertr,,
何书同,女,17,202203140331,茶业系,学前教育,576g,,
葛功碧,女,21,202203140332,艺术系,生物科学,e54yth,,
暴紫萱,男,22,202203140333,化学系,舞蹈,6547trh,,
冯宁,女,19,202203140334,生物系,茶文化,4657th,,
许痴梦,男,18,202203140335,茶业系,艺术设计,977rg,,
奚瑶,男,18,202203140336,商旅系,化学教育,546rtg,,
傅苑,女,21,202203140337,经济系,学前教育,4654tgh,,
蒋琳,女,19,202203140338,音乐舞蹈系,生物科学,65thgrt,,
何天春,男,20,202203140339,计算系,经济统计,ytry4,,
朱秋菊,女,17,202203140340,学前教育系,电子商务,etrt57,,
吕青,男,21,202203140341,茶业系,旅游管理,dfhy86,,
尤梅香,男,22,202203140342,音乐舞蹈系,计算机与科学技术,dsdter5,,
沈霄,女,19,202203140343,计算系,音乐,trthyrt7,,
冯冰彤,女,20,202203140344,学前教育系,舞蹈,hyiu8,,
秦小蝶,男,17,202203140345,茶业系,茶文化,stsrwer8,,
杨元琼,女,21,202203140346,艺术系,艺术设计,jtyut78,,
何娟,女,22,202203140347,化学系,化学教育,5436ugh,,
许蓓,男,19,202203140348,生物系,茶文化,uyu878,,
秦洋,女,18,202203140349,茶业系,艺术设计,we54ertg5,,
伍兰燕,男,18,202203140350,艺术系,化学教育,hyu7t,,
金春燕,男,21,202203140351,化学系,学前教育,sar3q4,,
褚树平,女,19,202203140352,生物系,生物科学,gdsf45,,
雍之山,女,20,202203140353,茶业系,经济统计,hyu78,,
蒋珍,男,17,202203140354,商旅系,电子商务,ferq,,
曹月,女,21,202203140355,经济系,旅游管理,786khg,,
吕卿,男,22,202203140356,音乐舞蹈系,计算机与科学技术,57yrhertr,,
许莉,男,19,202203140357,计算系,音乐,576g,,
王子鑫,女,18,202203140358,学前教育系,舞蹈,e54yth,,
华丽,女,18,202203140359,学前教育系,茶文化,6547trh,,
曹娣,男,21,202203140360,茶业系,艺术设计,4657th,,
戚优优,女,19,202203140361,艺术系,化学教育,977rg,,
施大芬,男,20,202203140362,化学系,学前教育,546rtg,,
严悦明,男,17,202203140363,生物系,生物科学,4654tgh,,
何珊,女,21,202203140364,茶业系,舞蹈,65thgrt,,
王珊,女,22,202203140365,艺术系,茶文化,ytry4,,
隆桂花,男,19,202203140366,化学系,艺术设计,etrt57,,
彭月,女,18,202203140367,生物系,艺术设计,dfhy86,,
曹秋,男,18,202203140368,茶业系,化学教育,dsdter5,,
陶梦,男,20,202203140369,商旅系,学前教育,sar3q4,,
魏虹,女,17,202203140370,经济系,生物科学,gdsf45,,
赵婷,女,21,202203140371,音乐舞蹈系,舞蹈,hyu78,,
孔桂兰,男,22,202203140372,计算系,茶文化,ferq,,
许明红,女,19,202203140373,学前教育系,艺术设计,786khg,,
水娇娇,男,18,202203140374,茶业系,化学教育,57yrhertr,,
蒋梦娇,男,18,202203140375,音乐舞蹈系,学前教育,576g,,
蒋婷,女,21,202203140376,计算系,生物科学,e54yth,,
何清怡,女,19,202203140377,学前教育系,经济统计,6547trh,,
褚丽,男,20,202203140378,茶业系,电子商务,4657th,,
于姣,女,17,202203140379,艺术系,旅游管理,977rg,,
冯厚菊,女,21,202203140380,化学系,计算机与科学技术,546rtg,,
郑睿敏,男,22,202203140381,生物系,音乐,4654tgh,,
王桂花,女,19,202203140382,茶业系,舞蹈,65thgrt,,
陶青,男,20,202203140383,艺术系,茶文化,ytry4,,
华青,男,22,202203140384,茶业系,艺术设计,etrt57,,
何莉,女,19,202203140385,艺术系,化学教育,dfhy86,,
钱凡,女,18,202203140386,化学系,茶文化,dsdter5,,
魏谷波,男,18,202203140387,生物系,艺术设计,trthyrt7,,
柏寻南,女,21,202203140388,茶业系,化学教育,hyiu8,,
孔笑白,男,19,202203140389,艺术系,学前教育,stsrwer8,,
褚书同,男,20,202203140390,化学系,生物科学,jtyut78,,
沈天春,女,17,202203140391,生物系,经济统计,5436ugh,,
华惠,女,21,202203140392,茶业系,生物科学,uyu878,,
蒋融,男,22,202203140393,商旅系,经济统计,we54ertg5,,
李瑶,女,19,202203140394,经济系,电子商务,hyu7t,,
蒋书同,男,18,202203140395,音乐舞蹈系,旅游管理,sar3q4,,
朱春竹,男,18,202203140396,计算系,计算机与科学技术,gdsf45,,
严兰燕,女,21,202203140397,学前教育系,音乐,hyu78,,
褚太群,女,19,202203140398,学前教育系,舞蹈,ferq,,
周雨祺,男,20,202203140399,茶业系,茶文化,786khg,,
秦欣琪,女,17,202203140400,艺术系,艺术设计,57yrhertr,,
钱姣,男,21,202203140401,化学系,化学教育,576g,,
秦蕊,男,22,202203140402,生物系,学前教育,e54yth,,
华梅香,女,19,202203140403,茶业系,生物科学,6547trh,,
尤厚菊,女,18,202203140404,艺术系,舞蹈,4657th,,
冯巧丽,男,18,202203140405,化学系,茶文化,977rg,,
戚瑞,女,20,202203140406,生物系,艺术设计,hyu7t,,
郑莺,男,17,202203140407,茶业系,艺术设计,sar3q4,,
陶明珠,男,21,202203140408,商旅系,化学教育,gdsf45,,
王彩霞,女,21,202203140409,经济系,学前教育,hyu78,,
储娟,女,22,202203140410,音乐舞蹈系,生物科学,ferq,,
卫嘎妹,男,19,202203140411,计算系,舞蹈,786khg,,
陶瑗,女,18,202203140412,学前教育系,茶文化,57yrhertr,,
吕敏,女,18,202203140413,茶业系,艺术设计,576g,,
韩莉,男,20,202203140414,音乐舞蹈系,茶文化,e54yth,,
张恩珍,女,17,202203140415,计算系,艺术设计,6547trh,,
曹夏梅,男,21,202203140416,学前教育系,化学教育,4657th,,
陶明艳,男,22,202203140417,茶业系,学前教育,977rg,,
水艺,女,19,202203140418,艺术系,生物科学,546rtg,,
陶飘,女,18,202203140419,学前教育系,经济统计,4654tgh,,
姜程悦,男,18,202203140420,茶业系,电子商务,65thgrt,,
金婷,女,21,202203140421,艺术系,旅游管理,ytry4,,
严丽,男,19,202203140422,化学系,计算机与科学技术,etrt57,,
沈艳,男,20,202203140423,生物系,音乐,dfhy86,,
尤岚,女,17,202203140424,茶业系,舞蹈,dsdter5,,
孙痴梦,女,21,202203140425,艺术系,茶文化,sar3q4,,
冯寒雁,男,22,202203140426,化学系,艺术设计,gdsf45,,
魏秋荣,女,19,202203140427,生物系,化学教育,hyu78,,
吕琦,男,20,202203140428,茶业系,茶文化,ferq,,
蒋耀文,男,22,202203140429,商旅系,艺术设计,786khg,,
冯招弟,女,19,202203140430,经济系,化学教育,57yrhertr,,
陈萍,女,18,202203140431,音乐舞蹈系,学前教育,576g,,
金忠娇,男,18,202203140432,计算系,生物科学,e54yth,,
吕洪丽,女,21,202203140433,学前教育系,经济统计,6547trh,,
沈苑,男,19,202203140434,茶业系,生物科学,4657th,,
周桂花,男,20,202203140435,音乐舞蹈系,经济统计,977rg,,
魏春燕,女,17,202203140436,计算系,电子商务,546rtg,,
韩欣怡,女,21,202203140437,学前教育系,旅游管理,4654tgh,,
潘桂,男,22,202203140438,茶业系,计算机与科学技术,65thgrt,,
张凡,女,19,202203140439,艺术系,音乐,ytry4,,
吴影,男,18,202203140440,化学系,舞蹈,etrt57,,
钱绮菱,男,18,202203140441,生物系,茶文化,dfhy86,,
钱寒,女,21,202203140442,茶业系,艺术设计,dsdter5,,
滑青,女,19,202203140443,艺术系,经济统计,trthyrt7,,
褚铠沣,男,20,202203140444,茶业系,电子商务,hyiu8,,
喻冬灵,女,17,202203140445,艺术系,旅游管理,stsrwer8,,
蒋红,女,21,202203140446,化学系,计算机与科学技术,jtyut78,,
秦虹,男,22,202203140447,生物系,音乐,5436ugh,,
冯夏青,女,19,202203140448,经济系,舞蹈,uyu878,,
魏采绿,男,19,202203140449,音乐舞蹈系,茶文化,we54ertg5,,
冯秋荣,男,20,202203140450,计算系,艺术设计,hyu7t,,
曹睿敏,女,17,202203140451,学前教育系,化学教育,sar3q4,,
酆睿婕,女,21,202203140452,茶业系,学前教育,gdsf45,,
戚丹,男,22,202203140453,音乐舞蹈系,生物科学,hyu78,,
李娟,女,19,202203140454,计算系,舞蹈,ferq,,
吕傲文,男,18,202203140455,学前教育系,茶文化,786khg,,
姜高彭,男,18,202203140456,茶业系,艺术设计,65thgrt,,
朱芳,女,20,202203140457,艺术系,艺术设计,ytry4,,
吴春竹,女,17,202203140458,学前教育系,化学教育,etrt57,,
蒋小兰,男,21,202203140459,茶业系,学前教育,dfhy86,,
许敏,女,21,202203140460,艺术系,生物科学,dsdter5,,
尤婷婷,男,22,202203140461,化学系,舞蹈,sar3q4,,
魏代云,男,19,202203140462,生物系,茶文化,gdsf45,,
褚紫霜,女,18,202203140463,茶业系,艺术设计,hyu78,,
李之念,女,18,202203140464,艺术系,茶文化,ferq,,
张火英,男,20,202203140465,化学系,艺术设计,786khg,,
孔晶,女,17,202203140466,生物系,化学教育,57yrhertr,,
孙天春,男,21,202203140467,茶业系,学前教育,576g,,
孔嘉,男,22,202203140468,商旅系,生物科学,e54yth,,
戚美美,女,19,202203140469,经济系,经济统计,6547trh,,
严静雯,女,18,202203140470,音乐舞蹈系,电子商务,4657th,,
周含卉,男,18,202203140471,计算系,旅游管理,977rg,,
韩宏艳,女,21,202203140472,学前教育系,计算机与科学技术,546rtg,,
曹秋荣,男,19,202203140473,茶业系,音乐,4654tgh,,
钱海燕,男,20,202203140474,音乐舞蹈系,舞蹈,65thgrt,,
朱明珠,女,17,202203140475,计算系,茶文化,ytry4,,
陶永珍,女,21,202203140476,学前教育系,计算机与科学技术,etrt57,,
褚清怡,男,22,202203140477,茶业系,音乐,dfhy86,,
杨琦,女,19,202203140478,艺术系,舞蹈,dsdter5,,
乐正兴怡,女,20,202203140479,化学系,茶文化,trthyrt7,,
吴德群,男,22,202203140480,生物系,艺术设计,hyiu8,,
尤梓涵,女,19,202203140481,茶业系,化学教育,stsrwer8,,
慕容秋菊,男,18,202203140482,艺术系,茶文化,jtyut78,,
冯有菊,男,18,202203140483,化学系,艺术设计,5436ugh,,
潘芸,女,21,202203140484,生物系,化学教育,uyu878,,
杨莎,女,19,202203140485,茶业系,学前教育,we54ertg5,,
朱朱娇,男,20,202203140486,艺术系,生物科学,hyu7t,,
张宜,女,17,202203140487,茶业系,经济统计,sar3q4,,
赵安琪,男,21,202203140488,艺术系,生物科学,gdsf45,,
孙春燕,男,22,202203140489,化学系,经济统计,hyu78,,
华珍,女,19,202203140490,生物系,电子商务,ferq,,
何沛文,女,18,202203140491,经济系,旅游管理,786khg,,
吕丽,男,18,202203140492,音乐舞蹈系,计算机与科学技术,57yrhertr,,
曹夜白,女,21,202203140493,计算系,音乐,576g,,
李琼,男,19,202203140494,学前教育系,舞蹈,e54yth,,
周红燕,男,19,202203140495,茶业系,茶文化,6547trh,,
姜元琼,女,20,202203140496,音乐舞蹈系,艺术设计,4657th,,
孔紫霜,女,22,202203140497,计算系,经济统计,977rg,,
孔珊,男,19,202203140498,学前教育系,电子商务,hyu7t,,
吕雪,女,18,202203140499,茶业系,旅游管理,sar3q4,,
蒋有菊,男,18,202203140500,艺术系,计算机与科学技术,gdsf45,,
周胜珍,男,21,202203140501,商旅系,音乐,hyu78,,
魏丽丽,女,19,202203140502,经济系,舞蹈,ferq,,
沈孝洁,女,20,202203140503,音乐舞蹈系,茶文化,786khg,,
严龙婷,男,17,202203140504,计算系,艺术设计,57yrhertr,,
吴开萍,女,21,202203140505,学前教育系,化学教育,576g,,
蒋谷波,男,22,202203140506,茶业系,学前教育,e54yth,,
褚朱婷,男,19,202203140507,音乐舞蹈系,生物科学,6547trh,,
张姚,女,18,202203140508,计算系,舞蹈,4657th,,
郑兰兰,女,20,202203140509,学前教育系,茶文化,977rg,,
冯洪静,男,17,202203140510,茶业系,艺术设计,546rtg,,
冯琼,女,21,202203140511,艺术系,艺术设计,4654tgh,,
吕布,男,20,202203140512,旅游商贸,旅游管理,390888,,
戚雅,女,18,202203140513,旅游商贸,旅游管理,169469,,
秦羽,男,21,202203140514,旅游商贸,旅游管理,489579,,
陈春,男,20,202203140515,旅游商贸,旅游管理,159000,,
凯敏,男,18,202203140516,旅游商贸,旅游管理,623178,,
沈惠,女,20,202203140517,旅游商贸,旅游管理,467881,,
韩蓓,男,19,202203140518,旅游商贸,旅游管理,337477,,
严丹,男,20,202203140519,旅游商贸,旅游管理,466870,,
周婷,男,22,202203140520,旅游商贸,旅游管理,211575,,
陶园,女,21,202203140521,旅游商贸,旅游管理,602449,,
冯琰,男,22,202203140522,旅游商贸,旅游管理,329036,,
朱君,男,21,202203140523,旅游商贸,旅游管理,388598,,
吴倩,男,21,202203140524,旅游商贸,旅游管理,183603,,
秦莉,女,20,202203140525,旅游商贸,旅游管理,546047,,
华平,男,17,202203140526,旅游商贸,旅游管理,243778,,
戚珍,男,17,202203140527,旅游商贸,旅游管理,589985,,
沈阳,男,21,202203140528,旅游商贸,旅游管理,383784,,
褚念,女,20,202203140529,旅游商贸,旅游管理,149323,,
吕磊,男,17,202203140530,旅游商贸,旅游管理,542289,,
褚莉,男,17,202203140531,旅游商贸,旅游管理,456181,,
范科,男,23,202203140532,旅游商贸,旅游管理,243823,,
施雪,女,22,202203140533,旅游商贸,旅游管理,294847,,
蒋通,男,19,202203140534,旅游商贸,旅游管理,223703,,
冯美,男,23,202203140535,旅游商贸,旅游管理,286696,,
王纨,男,22,202203140536,旅游商贸,旅游管理,375717,,
冯吖,女,17,202203140537,旅游商贸,旅游管理,550881,,
陈睿,男,19,202203140538,旅游商贸,旅游管理,644800,,
李雨,男,18,202203140539,旅游商贸,旅游管理,491205,,
卫火,男,20,202203140540,旅游商贸,旅游管理,176326,,
曹娟,女,19,202203140541,旅游商贸,旅游管理,166759,,
孙昌,男,21,202203140542,旅游商贸,旅游管理,153364,,
奚莉,男,19,202203140543,旅游商贸,旅游管理,205097,,
赵锦,男,20,202203140544,旅游商贸,旅游管理,494209,,
许瑞,男,17,202203140545,旅游商贸,旅游管理,183483,,
戚飘,女,20,202203140546,旅游商贸,旅游管理,484520,,
葛瑶,男,20,202203140547,旅游商贸,旅游管理,386213,,
褚姬,男,22,202203140548,旅游商贸,旅游管理,634357,,
何欣,男,21,202203140549,旅游商贸,旅游管理,271961,,
曹清,男,19,202203140550,旅游商贸,旅游管理,209987,,
戚乐,女,18,202203140551,旅游商贸,旅游管理,586800,,
陶婷,男,21,202203140552,旅游商贸,旅游管理,168297,,
沈舒,男,19,202203140553,旅游商贸,旅游管理,563974,,
尤功,男,17,202203140554,旅游商贸,旅游管理,305198,,
张春,男,19,202203140555,旅游商贸,旅游管理,195138,,
秦婷,女,18,202203140556,旅游商贸,旅游管理,194582,,
施丽,男,20,202203140557,旅游商贸,旅游管理,381359,,
陈胜,男,23,202203140558,旅游商贸,旅游管理,120243,,
蒋琴,男,18,202203140559,旅游商贸,旅游管理,105521,,
陈聪,男,21,202203140560,旅游商贸,旅游管理,212785,,
施芬,女,18,202203140561,旅游商贸,旅游管理,231141,,
钱多,男,23,202203140562,旅游商贸,旅游管理,435870,,
孔珊,男,19,202203140563,旅游商贸,旅游管理,386722,,
章银,男,22,202203140564,旅游商贸,旅游管理,620573,,
陶思,男,21,202203140565,旅游商贸,旅游管理,329631,,
魏平,女,17,202203140566,旅游商贸,旅游管理,180281,,
严丽,男,21,202203140567,旅游商贸,旅游管理,504822,,
杨松,男,18,202203140568,旅游商贸,旅游管理,629394,,
王侦,男,23,202203140569,旅游商贸,旅游管理,173367,,
卫寻,男,22,202203140570,旅游商贸,旅游管理,507768,,
杨乐,女,21,202203140571,旅游商贸,旅游管理,560356,,
傅有,男,21,202203140572,旅游商贸,旅游管理,275325,,
卫艺,男,21,202203140573,旅游商贸,旅游管理,209274,,
赵瑞,男,20,202203140574,旅游商贸,旅游管理,296639,,
韩敏,男,19,202203140575,旅游商贸,旅游管理,501093,,
韩计,女,21,202203140576,旅游商贸,旅游管理,466162,,
谢玲,男,18,202203140577,旅游商贸,旅游管理,113483,,
蒋芳,男,22,202203140578,旅游商贸,旅游管理,469294,,
尤甜,男,20,202203140579,旅游商贸,旅游管理,375488,,
郑婷,男,22,202203140580,旅游商贸,旅游管理,496446,,
陶柳,女,23,202203140581,旅游商贸,旅游管理,521539,,
沈睿,男,21,202203140582,旅游商贸,旅游管理,167516,,
韩馨,男,22,202203140583,旅游商贸,旅游管理,449198,,
沈大,男,19,202203140584,旅游商贸,旅游管理,143518,,
周芬,男,19,202203140585,旅游商贸,旅游管理,539555,,
陈秋,女,23,202203140586,旅游商贸,旅游管理,322348,,
金青,男,18,202203140587,旅游商贸,旅游管理,369097,,
华安,男,17,202203140588,旅游商贸,旅游管理,609350,,
卫婵,男,20,202203140589,旅游商贸,旅游管理,188667,,
周高,男,20,202203140590,旅游商贸,旅游管理,251138,,
王璧,女,23,202203140591,旅游商贸,旅游管理,101523,,
曹瑶,男,19,202203140592,旅游商贸,旅游管理,200397,,
韩梦,男,17,202203140593,旅游商贸,旅游管理,173001,,
张静,男,21,202203140594,旅游商贸,旅游管理,380164,,
金瑶,男,17,202203140595,旅游商贸,旅游管理,483524,,
魏柔,女,19,202203140596,旅游商贸,旅游管理,524976,,
赵菊,男,22,202203140597,旅游商贸,旅游管理,101050,,
陈静,男,21,202203140598,旅游商贸,旅游管理,580986,,
朱荷,男,18,202203140599,旅游商贸,旅游管理,548479,,
许大,男,20,202203140600,旅游商贸,旅游管理,521253,,
伊娟,女,21,202203140601,旅游商贸,旅游管理,143202,,
施燕,男,17,202203140602,旅游商贸,旅游管理,465920,,
郑莺,男,19,202203140603,旅游商贸,旅游管理,414689,,
褚乐,男,19,202203140604,旅游商贸,旅游管理,283720,,
郑燕,男,22,202203140605,旅游商贸,旅游管理,607521,,
吴瑶,女,20,202203140606,旅游商贸,旅游管理,316884,,
通显,男,20,202203140607,旅游商贸,旅游管理,474206,,
周眉,男,22,202203140608,旅游商贸,旅游管理,341799,,
孔盼,男,23,202203140609,旅游商贸,旅游管理,600724,,
周兴,男,23,202203140610,旅游商贸,旅游管理,462488,,
蒋露,女,19,202203140611,旅游商贸,旅游管理,513933,,
华秋,男,19,202203140612,旅游商贸,旅游管理,261101,,
金姚,男,18,202203140613,旅游商贸,旅游管理,199307,,
严二,男,20,202203140614,旅游商贸,旅游管理,487075,,
华幻,男,18,202203140615,旅游商贸,旅游管理,413356,,
陈幻,女,17,202203140616,旅游商贸,旅游管理,338557,,
韩冷,男,20,202203140617,旅游商贸,旅游管理,447589,,
李沙,男,20,202203140618,旅游商贸,旅游管理,631424,,
朱绮,男,22,202203140619,旅游商贸,旅游管理,203542,,
沈亚,男,17,202203140620,旅游商贸,旅游管理,499911,,
冯秋,女,19,202203140621,旅游商贸,旅游管理,595359,,
沈兴,男,17,202203140622,旅游商贸,旅游管理,337200,,
月霄,男,21,202203140623,旅游商贸,旅游管理,254705,,
戚光,男,22,202203140624,旅游商贸,旅游管理,612397,,
秦娇,男,21,202203140625,旅游商贸,旅游管理,255517,,
冯秀,女,20,202203140626,旅游商贸,旅游管理,560051,,
金姚,男,17,202203140627,旅游商贸,旅游管理,266514,,
严沛,男,18,202203140628,旅游商贸,旅游管理,596971,,
冯冬,男,21,202203140629,旅游商贸,旅游管理,660569,,
魏大,男,21,202203140630,旅游商贸,旅游管理,586312,,
韩雪,女,18,202203140631,旅游商贸,旅游管理,615529,,
沈隆,男,22,202203140632,旅游商贸,旅游管理,178829,,
张灵,男,19,202203140633,旅游商贸,旅游管理,638324,,
何明,男,19,202203140634,旅游商贸,旅游管理,641146,,
瑶哲纬,男,21,202203140635,旅游商贸,旅游管理,186325,,
周孟霖,女,21,202203140636,旅游商贸,旅游管理,102708,,
刘启,男,20,202203140637,旅游商贸,旅游管理,279323,,
叶文洁,男,20,202203140638,旅游商贸,旅游管理,476029,,
程虹蓉,男,21,202203140639,旅游商贸,旅游管理,584591,,
潘极为,男,18,202203140640,旅游商贸,旅游管理,108029,,
李世杰,女,19,202203140641,旅游商贸,旅游管理,445364,,
黄秋,男,22,202203140642,旅游商贸,旅游管理,332281,,
王宜乐,男,20,202203140643,旅游商贸,旅游管理,143762,,
李水,男,21,202203140644,旅游商贸,旅游管理,514869,,
熊华,男,20,202203140645,旅游商贸,旅游管理,366513,,
周杨佩,女,23,202203140646,旅游商贸,旅游管理,320460,,
石春紫,男,22,202203140647,旅游商贸,旅游管理,116519,,
赵胤琪,男,18,202203140648,旅游商贸,旅游管理,217343,,
誉星茹,男,21,202203140649,旅游商贸,旅游管理,552220,,
程昭祥,男,22,202203140650,旅游商贸,旅游管理,541877,,
吴慧昭,女,21,202203140651,旅游商贸,旅游管理,544223,,
何佩甄,男,20,202203140652,旅游商贸,旅游管理,258816,,
李文育,男,18,202203140653,旅游商贸,旅游管理,627717,,
钟庭伟,男,21,202203140654,旅游商贸,旅游管理,250545,,
宋河,男,22,202203140655,旅游商贸,旅游管理,599828,,
何伶元,女,20,202203140656,旅游商贸,旅游管理,513600,,
谢剑铭,男,20,202203140657,旅游商贸,旅游管理,102759,,
张丽雯,男,18,202203140658,旅游商贸,旅游管理,404041,,
程颐,男,18,202203140659,旅游商贸,旅游管理,339781,,
黄康刚,男,18,202203140660,旅游商贸,旅游管理,118820,,
张纬洁,女,21,202203140661,旅游商贸,旅游管理,277272,,
林晨何,男,18,202203140662,旅游商贸,旅游管理,102407,,
郑雅希,男,19,202203140663,旅游商贸,旅游管理,331831,,
邓欣惜,男,19,202203140664,旅游商贸,旅游管理,189080,,
谢宜君,男,18,202203140665,旅游商贸,旅游管理,203749,,
黄惠学,女,18,202203140666,旅游商贸,旅游管理,346373,,
王美玲,男,20,202203140667,旅游商贸,旅游管理,318026,,
江俊生,男,22,202203140668,旅游商贸,旅游管理,576751,,
陈信伊,男,20,202203140669,旅游商贸,旅游管理,385829,,
阮晴烨,男,20,202203140670,旅游商贸,旅游管理,552910,,
旺盛如,女,19,202203140671,旅游商贸,旅游管理,370091,,
林维强,男,21,202203140672,旅游商贸,旅游管理,588343,,
附双虹,男,20,202203140673,旅游商贸,旅游管理,441998,,
杨超来,男,19,202203140674,旅游商贸,旅游管理,523140,,
王秀琳,男,22,202203140675,旅游商贸,旅游管理,338222,,
王禧祥,女,18,202203140676,旅游商贸,旅游管理,475557,,
陈又名,男,19,202203140677,旅游商贸,旅游管理,260272,,
张纬洁,男,23,202203140678,旅游商贸,旅游管理,190533,,
林之火,男,20,202203140679,旅游商贸,旅游管理,409728,,
余宜礼,男,21,202203140680,旅游商贸,旅游管理,152794,,
张吉淮,女,20,202203140681,旅游商贸,旅游管理,271131,,
林国瑞,男,17,202203140682,旅游商贸,旅游管理,482488,,
林文书,男,18,202203140683,旅游商贸,旅游管理,124707,,
林雅楠,男,19,202203140684,旅游商贸,旅游管理,476349,,
江易,男,22,202203140685,旅游商贸,旅游管理,307055,,
刘泊宏,女,18,202203140686,旅游商贸,旅游管理,367443,,
阮剑安,男,23,202203140687,旅游商贸,旅游管理,542819,,
林子帆,男,23,202203140688,旅游商贸,旅游管理,170560,,
夏志豪,男,22,202203140689,旅游商贸,旅游管理,419477,,
吉茹定,男,17,202203140690,旅游商贸,旅游管理,473877,,
李中冰,女,21,202203140691,旅游商贸,旅游管理,625883,,
黄文隆,男,21,202203140692,旅游商贸,旅游管理,240803,,
谢彦文,男,22,202203140693,旅游商贸,旅游管理,456006,,
富志祥,男,23,202203140694,旅游商贸,旅游管理,469710,,
洪振夏,男,17,202203140695,旅游商贸,旅游管理,489998,,
刘子仪,女,22,202203140696,旅游商贸,旅游管理,127098,,
荣子康,男,21,202203140697,旅游商贸,旅游管理,590432,,
吕雉,男,18,202203140698,旅游商贸,旅游管理,188967,,
方一,男,22,202203140699,旅游商贸,旅游管理,563142,,
黎明云,男,18,202203140700,旅游商贸,旅游管理,349071,,
郑伊月,女,23,202203140701,旅游商贸,旅游管理,482498,,
雷林,男,23,202203140702,旅游商贸,旅游管理,607017,,
吴美游,男,21,202203140703,旅游商贸,旅游管理,396712,,
李雅寺,男,19,202203140704,旅游商贸,旅游管理,331274,,
陈文婷,男,22,202203140705,旅游商贸,旅游管理,405437,,
吴美与,女,18,202203140706,旅游商贸,旅游管理,590155,,
林家纶,男,20,202203140707,旅游商贸,旅游管理,155835,,
王依婷,男,19,202203140708,旅游商贸,旅游管理,259074,,
黄丽昆,男,22,202203140709,旅游商贸,旅游管理,584354,,
张孟涵,男,21,202203140710,旅游商贸,旅游管理,283188,,
,,,,,,,,
,,,,,,,,
,,,,,,,,
,,,,,,,,
,,,,,,,,
,,,,,,,,
,,,,,,,,
,,,,,,,,
,,,,,,,,
,,,,,,,,
,,,,,,,,
,,,,,,,,
,,,,,,,,
,,,,,,,,
,,,,,,,,
,,,,,,,,
,,,,,,,,
,,,,,,,,
,,,,,,,,
,,,,,,,,
,,,,,,,,
,,,,,,,,
,,,,,,,,
,,,,,,,,
,,,,,,,,
,,,,,,,,
,,,,,,,,
,,,,,,,,
,,,,,,,,
,,,,,,,,
,,,,,,,,
,,,,,,,,
,,,,,,,,
,,,,,,,,
,,,,,,,,
,,,,,,,,
,,,,,,,,
,,,,,,,,
,,,,,,,,
,,,,,,,,
,,,,,,,,
,,,,,,,,
,,,,,,,,
,,,,,,,,
,,,,,,,,
,,,,,,,,
,,,,,,,,
,,,,,,,,
,,,,,,,,
,,,,,,,,
,,,,,,,,
,,,,,,,,
,,,,,,,,
,,,,,,,,
,,,,,,,,
,,,,,,,,
,,,,,,,,
,,,,,,,,
,,,,,,,,
,,,,,,,,
,,,,,,,,
,,,,,,,,
,,,,,,,,
,,,,,,,,
,,,,,,,,
,,,,,,,,
,,,,,,,,
,,,,,,,,
,,,,,,,,
,,,,,,,,
,,,,,,,,
,,,,,,,,
,,,,,,,,
,,,,,,,,
,,,,,,,,
,,,,,,,,
,,,,,,,,
,,,,,,,,
,,,,,,,,
,,,,,,,,
,,,,,,,,
,,,,,,,,
,,,,,,,,
,,,,,,,,
,,,,,,,,
,,,,,,,,
,,,,,,,,
,,,,,,,,
,,,,,,,,
,,,,,,,,
,,,,,,,,
,,,,,,,,
,,,,,,,,
,,,,,,,,
,,,,,,,,
,,,,,,,,
,,,,,,,,
,,,,,,,,
,,,,,,,,
,,,,,,,,
,,,,,,,,
,,,,,,,,
,,,,,,,,
,,,,,,,,
,,,,,,,,
,,,,,,,,
,,,,,,,,
,,,,,,,,
,,,,,,,,
,,,,,,,,
,,,,,,,,
,,,,,,,,
,,,,,,,,
,,,,,,,,
,,,,,,,,
,,,,,,,,
,,,,,,,,
,,,,,,,,
,,,,,,,,
,,,,,,,,
,,,,,,,,
,,,,,,,,
,,,,,,,,
,,,,,,,,
,,,,,,,,
,,,,,,,,
,,,,,,,,
,,,,,,,,
,,,,,,,,
,,,,,,,,
,,,,,,,,
,,,,,,,,
,,,,,,,,
,,,,,,,,
,,,,,,,,
,,,,,,,,
,,,,,,,,
,,,,,,,,
,,,,,,,,
,,,,,,,,
,,,,,,,,
,,,,,,,,
,,,,,,,,
,,,,,,,,
,,,,,,,,
,,,,,,,,
,,,,,,,,
,,,,,,,,
,,,,,,,,
,,,,,,,,
,,,,,,,,
,,,,,,,,
,,,,,,,,
,,,,,,,,
,,,,,,,,
,,,,,,,,
,,,,,,,,
,,,,,,,,
,,,,,,,,
,,,,,,,,
,,,,,,,,
,,,,,,,,
,,,,,,,,
,,,,,,,,
,,,,,,,,
,,,,,,,,
,,,,,,,,
,,,,,,,,
,,,,,,,,
,,,,,,,,
,,,,,,,,
,,,,,,,,
,,,,,,,,
,,,,,,,,
,,,,,,,,
,,,,,,,,
,,,,,,,,
,,,,,,,,
,,,,,,,,
,,,,,,,,
,,,,,,,,
,,,,,,,,
,,,,,,,,
,,,,,,,,
,,,,,,,,
,,,,,,,,
,,,,,,,,
,,,,,,,,
,,,,,,,,
,,,,,,,,
,,,,,,,,
,,,,,,,,
,,,,,,,,
,,,,,,,,
,,,,,,,,
,,,,,,,,
,,,,,,,,
,,,,,,,,
,,,,,,,,
,,,,,,,,
,,,,,,,,
